image_id,class_index,class,background,perspective,family,family_name,level,fragment,candidate_rank,dense_floor,candidate_sha256
500,0,1,2,1,2,resize,3,2:0,1,1,064cbc0098fd67efaf0636736932af44bb0c9377b5ae0ab59523162820062e61
450,0,1,1,1,2,resize,3,2:0,2,1,1445a538513c400be0f8285efaa6decd2e3685d0410c92ccc4ee8d7b916e9013
560,0,1,3,2,2,resize,3,2:0,3,1,2774ffddc9a3931fe3e516357ac46668a6a26c585773487ca376eca6e961356d
510,0,1,2,2,2,resize,3,2:0,4,0,3b6b28d0dd3e12f430ddb70d340ddb222f5e43f3f57c9e6535f0e3d612506011
520,0,1,2,3,2,resize,3,2:0,5,0,82e6f5728458e7aaf4ed5b08215610f64d73a77b53632d3824f12111e394d47c
480,0,1,1,4,2,resize,3,2:0,6,0,93e1699c61129867bfe2b5ef33ce59d49000774f3618ea41f599f292dcdf9e97
540,0,1,2,5,2,resize,3,2:0,7,0,96b696a48b692d7e913c146f602b0cf76401889b226d6ec0eb0b65da39298573
550,0,1,3,1,2,resize,3,2:0,8,0,997b5daf957c2a3a9fdd4fad68854e7d2016924d5b2627883ae10852586fc869
470,0,1,1,3,2,resize,3,2:0,9,0,a527622ff86ac85ef43a836b97bf632185d4f44d7c03a68b0da763dfb2c69ec7
460,0,1,1,2,2,resize,3,2:0,10,0,abdf29eb157c57b1df3426dc6160a50449a3b4bb64f94957ed15aff7860f5f29
590,0,1,3,5,2,resize,3,2:0,11,0,b39c9e8e0cd10422c57a03570e2948c62d89339e298117caa3e8f754d4695ee1
530,0,1,2,4,2,resize,3,2:0,12,0,b9b4bda969cc7be986c99db6b1fa38181a2775793805a241008736428c1c3023
490,0,1,1,5,2,resize,3,2:0,13,0,dd29219741795ec425974d59b716ad4fbf01b36a0d51f3010d1b32af72bf2eab
580,0,1,3,4,2,resize,3,2:0,14,0,eb1d5432058c7555d1f54f44016b997872a4b57fe7ba7230226ecf3629332786
570,0,1,3,3,2,resize,3,2:0,15,0,ed96ba69f7c7b64be8f235c7b7a98ba0dfab9aa04e232b89b49f409bfcbba031
501,1,2,2,1,2,resize,3,2:1,1,1,07f3f528c0f8aa95b0f7a07cdcf6559c20d0e689bb74155efdc126bc3a60a22e
531,1,2,2,4,2,resize,3,2:1,2,1,0bd1f33115e0adb6639fa55d306fc6b5f7ea11751806e9a9273e30da6b7001c1
471,1,2,1,3,2,resize,3,2:1,3,1,17bdc717fa3dd4844c656c7fe39ca466d0bcdff402c6b657fa4ff4f610b1041a
481,1,2,1,4,2,resize,3,2:1,4,0,3331820555fd0caf0ce55acd4d635a8af89c8c31daa617db4b7f7295eb362b00
491,1,2,1,5,2,resize,3,2:1,5,0,5abebb7836a12e22f2198f2da3a93cf0156fbe4a85898daba5d125c86435a979
561,1,2,3,2,2,resize,3,2:1,6,0,633c141b5ed14dd98cf84c955031870aa29b8c6dfb7f620523e5dc3d4c13156e
571,1,2,3,3,2,resize,3,2:1,7,0,9c59d9fe659d953ed48506d18c024597eda73e267a3cfbf2097da110e57bcc1c
521,1,2,2,3,2,resize,3,2:1,8,0,a1013630cb5f79ed8979d48f3aa09dbb27cd6d47bb0f27f0950a2e484bae42cf
551,1,2,3,1,2,resize,3,2:1,9,0,a494c82ee4859d1f8ab333bbf818cb3ee68068e15aad9f35aeb04b51aae6dfe1
461,1,2,1,2,2,resize,3,2:1,10,0,c83e081b9208386ad700cc325962adad48449fba9b8dd0ae553808cab3664364
511,1,2,2,2,2,resize,3,2:1,11,0,c9dca2fdd654a9a30bb3e14513b61f1e51f3d1dcdc5345fd3714993108bf7801
581,1,2,3,4,2,resize,3,2:1,12,0,dafcf80ac1238c66a7c02ee77880477bc675cca9137f5786bdedeac852c4a65f
591,1,2,3,5,2,resize,3,2:1,13,0,e2bfe827cb396c02404e83770fc9b8e0de608ddb0ec5eff6819ba568cd44952d
451,1,2,1,1,2,resize,3,2:1,14,0,e36f7b3376266235aaefac1dc8d923bbcce07e68a4cc3351af3699e8ba58e6e9
541,1,2,2,5,2,resize,3,2:1,15,0,fc29101709b19281694368552ce20f301598dfd3d5bfd6c43465c084cbf6f717
592,2,3,3,5,2,resize,3,2:2,1,1,0622865289515a93fc991d01cea08590d0dcd79a3d2d9f554a4ff8c3603b2a2e
522,2,3,2,3,2,resize,3,2:2,2,1,13771bdd3bac1f70b38bb75ca130f01b6b9351acd8e5c0b7e45560f3ad100344
492,2,3,1,5,2,resize,3,2:2,3,1,2b94d161064de8faccc4a0e06495da967dd7ea24d2fef46b29d028696b514c89
582,2,3,3,4,2,resize,3,2:2,4,0,2d06f43018041916718786b1fa6a343d639744b6d4261947301863e313f5da0a
472,2,3,1,3,2,resize,3,2:2,5,0,2f17af1226b7d3463c9918359de017a65e16a1b5e49c5570141857f43f301578
562,2,3,3,2,2,resize,3,2:2,6,0,4c8d015f089c2f322b99980842b7c54609bc42e5a766790cf65a21c3ef7ebbb1
462,2,3,1,2,2,resize,3,2:2,7,0,6b0304d641ee3145b9067233e32fc2137d01ef4ee8773ffbae7e552e0a73d2da
452,2,3,1,1,2,resize,3,2:2,8,0,7820dde0e1ec96ff03e987ef50c1803054c3996fdaa73c4e272cd6559481eba4
482,2,3,1,4,2,resize,3,2:2,9,0,7efed51971a7d84d392a872a14e309c1ca7eaba961343d45e87d5c10acb60351
532,2,3,2,4,2,resize,3,2:2,10,0,8ef3600b24478478827e5cf45e1f33414a1d38582322b7b05a89c3494a525463
552,2,3,3,1,2,resize,3,2:2,11,0,a36c71d561055095fe722dde489612258064b05afbf0e2388dc4dad2e978fa10
512,2,3,2,2,2,resize,3,2:2,12,0,c3656f8ea5e29edb60d2ff4cb043501c9a0e1203a90e275087925e16295e0800
502,2,3,2,1,2,resize,3,2:2,13,0,d859edb9e30d23bacb0ea7bc4ed0e9f29829df8f4eebd7981239308c80f43d58
542,2,3,2,5,2,resize,3,2:2,14,0,e4f74545e7bf7f03a4efa02834f31d0d52ba07690227157b93434db54047d34f
572,2,3,3,3,2,resize,3,2:2,15,0,e916b3c3c2ad369de3127d82defbfc334336ca6cd9f33c925f984aebbcb11f95
593,3,4,3,5,2,resize,3,2:3,1,1,00ac48ae0fd14afd909215f7ffd78003d16ece341a3db9f33543fd782d731375
493,3,4,1,5,2,resize,3,2:3,2,1,18664e2e16a35a6bd5851cce16fdc30598570b72f577552005958d47664b35e9
563,3,4,3,2,2,resize,3,2:3,3,1,4335d85ce3f66229dbc6aabb396e038bec03bfc6626579bf3e7d1446883b42d0
553,3,4,3,1,2,resize,3,2:3,4,0,442d0abdea8d482c8a80634c9bcd8d024852ae417a5cee0b20b58a172891e8b1
513,3,4,2,2,2,resize,3,2:3,5,0,51047414152c55eb78ab43cfda818d4b68dedf5fdbb53a31513f7bc1e59535da
453,3,4,1,1,2,resize,3,2:3,6,0,55b775092cd8e72e3c0fc963f23ad904a00c49fd9a42f2e39df047bad0533e78
573,3,4,3,3,2,resize,3,2:3,7,0,5dffdb1f75b42415125c94440be8a0e10ffe07342829c643f63c4445592cf5d9
543,3,4,2,5,2,resize,3,2:3,8,0,82da0ed907dd544556af57207da557242a9bdc64eebaa6cbbf5957ca17b5b704
503,3,4,2,1,2,resize,3,2:3,9,0,94d9bab075e120e3af4ab7661a3ce3aba8673cac597d901699da5eeaf1a7ce97
523,3,4,2,3,2,resize,3,2:3,10,0,a51b1c04c9735a03d71cdf9e097aa0b0b6b1a1ce9af25afec02b80677b551ae3
463,3,4,1,2,2,resize,3,2:3,11,0,c2279a586ad095c739c861d69066cd04c2526d6411ed18741001df087d45a1f5
473,3,4,1,3,2,resize,3,2:3,12,0,d02aa2156154f7c57e9e31a1bb9197595964ff649073f73795634009d414b345
583,3,4,3,4,2,resize,3,2:3,13,0,d86d37b69bce06e03aadbddf8860029c6a629178cb12add58441fb154b8c55a9
533,3,4,2,4,2,resize,3,2:3,14,0,dc09e1985ddfef440a3c20eb004b991a0038dcc9d265061b534abbf2e57c45ef
483,3,4,1,4,2,resize,3,2:3,15,0,ecf9f807e3bd7d5cf7b52c7b93c8c51e3e497b46eb73e018fce25f76f56892b8
564,4,5,3,2,2,resize,3,2:4,1,1,075bde67673949d93919271ab25402cd3435de52db0edc02238c717b6058f306
544,4,5,2,5,2,resize,3,2:4,2,1,07efdb194df70921f1ebb821075b6190e50ef8e24e2d7b4806c0d748cec1a5fc
464,4,5,1,2,2,resize,3,2:4,3,1,0c75b7142caac345c1ebd611a84f9be873f0667ed6fd8bc45bd7068e042f6f01
594,4,5,3,5,2,resize,3,2:4,4,0,139a4294403d8a59e21bc3a19dc3d079def0f10e8c03237e9c0d62a5e8143d19
454,4,5,1,1,2,resize,3,2:4,5,0,27b737928891232315d043efca924d4c8f496ac16f53eaff8abed31bccac6b8b
494,4,5,1,5,2,resize,3,2:4,6,0,2f94628a8abcfbee6b6865c87bb2cf3619812101bc166d4e8bceeca4e8079498
554,4,5,3,1,2,resize,3,2:4,7,0,77ddeb3926289cbef4f229cc2efe60dbac24baa086150eb0d224adb52afe2f8f
484,4,5,1,4,2,resize,3,2:4,8,0,9de714c6cef81ade95328f18c5629166a1207e1eeb1f2714b137ecf810768b88
584,4,5,3,4,2,resize,3,2:4,9,0,be791e95039b676408349259e0e60eef7f775ae40faf22382699c91f9d8f8d96
504,4,5,2,1,2,resize,3,2:4,10,0,c52e721508d5695b664cb3ed5b0e442b3d27fe361c6faaa12132f32792e33acb
524,4,5,2,3,2,resize,3,2:4,11,0,cc3420cd79935fd7f52d2e4b613a787b581258c485a62b8a9ef5c2b08524258a
514,4,5,2,2,2,resize,3,2:4,12,0,d67ffe68b7fb1327b1c9478eccb1ec94f2cae7770529f2717abcd71a7e5f4ba3
574,4,5,3,3,2,resize,3,2:4,13,0,e823035e5cb24f9af244b7869989591536845855d00c50ab9a778948b2b3c3f6
474,4,5,1,3,2,resize,3,2:4,14,0,ea8e125044014feff4193cdf50cbcaff9ac3b7f85faf8bf09adfee430d3939f5
534,4,5,2,4,2,resize,3,2:4,15,0,f222f9fd76a03e3e64d07c3be0edb4c1ebdc79b1112f137bd5b3ab66200237ee
595,5,6,3,5,2,resize,3,2:5,1,1,045db0073aa5b57d2f2ddbfd5fe2a0f60c09ed1afff83f07e9d805ee32c513aa
455,5,6,1,1,2,resize,3,2:5,2,1,07c8049d24e6bc276f0e8b9706217599a3bef76fb2a6ff8266e69db1141b05f2
585,5,6,3,4,2,resize,3,2:5,3,1,0addfd1705eb118e4a19348e9cc44758ee7bed8396cb7bb3d1b63bb4a9337652
515,5,6,2,2,2,resize,3,2:5,4,0,0ae27ad648b7baca26844064ed1aaedaf6196808b47915cc9da4e8361d3093d8
505,5,6,2,1,2,resize,3,2:5,5,0,168646ac0bb4521d44d835a3f70e0332c0f2c9d55dac61dbd66e745c96a014f3
475,5,6,1,3,2,resize,3,2:5,6,0,3b3bbb38eca9a645a472b3a1ba87b2c6c63b47fa46179230e4e3966d5c8431fb
535,5,6,2,4,2,resize,3,2:5,7,0,4e27c947429ae56912536394e67c963e0b387c0c33a274a3c0b622698f4a0611
545,5,6,2,5,2,resize,3,2:5,8,0,7543ed893b355d35319305ef99e5b59bcb780c35cd5969e0a5462c409fe3c997
565,5,6,3,2,2,resize,3,2:5,9,0,7672df7116d2785b41b1831b6d71a34ea1e0b65158124d2f233e4b5bbd50a018
485,5,6,1,4,2,resize,3,2:5,10,0,8a74973fb6da1541fea4c1199b57629beacd539a674c66342794f4a3147039fd
525,5,6,2,3,2,resize,3,2:5,11,0,bd49fd69948d3ce6564135ff1465594f29b9698ae3c804f77ba81e4b02787b7d
555,5,6,3,1,2,resize,3,2:5,12,0,c26d375a97ae2ef7c1802df8194764cd971de48daec25c0748a5fe704b33b30e
465,5,6,1,2,2,resize,3,2:5,13,0,de16ed0ce66914ccc649c9bd317adc2dc7755876cb3fba2354d282b5c798cdbf
495,5,6,1,5,2,resize,3,2:5,14,0,e6a43f153da24ba9f7186d36314b2579eaafc3c39e0aa29120ff6ff14dac3d78
575,5,6,3,3,2,resize,3,2:5,15,0,fe4bc2baa11d8ac6d767a19eb02615f812178ab982bc01ebebc56b06db749e2c
516,6,7,2,2,2,resize,3,2:6,1,1,00227bf5ef3fdd0f8ee18ab67f3314b144f02d6f1c824af9bc4f867975f080cf
556,6,7,3,1,2,resize,3,2:6,2,1,0a5ba03e0f3b1169374b4595339061c3284a41d9c5e5f8800c24555924f5c7a4
596,6,7,3,5,2,resize,3,2:6,3,1,0f37df80b2cb81493bca486b4f1a76e38793bdf7891f3990569cb27779b92022
586,6,7,3,4,2,resize,3,2:6,4,0,25920eb9f5ec1d9344c8df0536e83815744e7a3979bc916af805f12b69f6ea87
576,6,7,3,3,2,resize,3,2:6,5,0,269796a1cf31f68ca150d673f2c87a05e760f01efe0516207aff9e0ceed71acd
526,6,7,2,3,2,resize,3,2:6,6,0,3001daef7c238137520b689b2bd454b616b5edeb973acc7a6614cf5e6e228436
546,6,7,2,5,2,resize,3,2:6,7,0,4a157cd5acddd78d9b31677a1146953a3a40ca485a1f80d4af0e43f6c85c93f8
566,6,7,3,2,2,resize,3,2:6,8,0,5b5bbc7ef6e42d95b35528c3b4845ca1272522edabb14ddd3509555eaec334a2
486,6,7,1,4,2,resize,3,2:6,9,0,64e41c9375266aeb32659e4bdd0f587bb0300d642fca089529888d8a64ce08b1
456,6,7,1,1,2,resize,3,2:6,10,0,6e227ea0b272240b9107985d1bdd0dcd8a3b07306a25e15a8ec76393ad80a335
536,6,7,2,4,2,resize,3,2:6,11,0,8fef2ed544cba13de5770dd88c775539bffc8282139fabb611ea7c551933e2d9
476,6,7,1,3,2,resize,3,2:6,12,0,b32ee25e7783f30aa7c7be8f2778f0aff97155dd235c700fad16441eab77435b
496,6,7,1,5,2,resize,3,2:6,13,0,b9dce0ae655cedc250b12fbbfa9c11bca108799b081a17d4ec4365f1b5ad2cce
506,6,7,2,1,2,resize,3,2:6,14,0,cbd4d770e2f362238b6c1dc3a2fa715eb165477b60b62fd9184dc7d4b80865aa
466,6,7,1,2,2,resize,3,2:6,15,0,db5e322990ce378dd2aeee2c15c384899107a206ca477129fcd06f02760f16e9
547,7,8,2,5,2,resize,3,2:7,1,1,0cc2ece1d3d4561d20af25a32ac9da8515b58f2c36ba466159025230daa90b67
467,7,8,1,2,2,resize,3,2:7,2,1,0e44baddb2158f61ae0c5a185e878920e2fca9c5c0fa2e9f2747c3a654870cf5
517,7,8,2,2,2,resize,3,2:7,3,1,10b173802b2d851c9d3ae1c6823c850967e247ef905045d94204996b60ed0381
457,7,8,1,1,2,resize,3,2:7,4,0,2cba2bf95f7d9da224e0fa79c559b894f578533fbec20295229ed0612646b161
527,7,8,2,3,2,resize,3,2:7,5,0,2e67c4fd051072e97517fdc0143aeff153a550e65e02fa140443024b310874fa
597,7,8,3,5,2,resize,3,2:7,6,0,4033a22304f9f6713d236e05d5e416aeaa0ac7ba992ddab72eba392abd40739e
577,7,8,3,3,2,resize,3,2:7,7,0,541004f0f881932608d002731b725d186872966fdf0dad3dbe58046eaf545d52
507,7,8,2,1,2,resize,3,2:7,8,0,60fb2e162193502252e73db4aa3fe9ff1fd83b355334504f651b312f57acde0c
497,7,8,1,5,2,resize,3,2:7,9,0,7ed3d216faf962377b10db40df68c688b2a3b30ca7bff8e5f51587f3a992bbf1
537,7,8,2,4,2,resize,3,2:7,10,0,7efdf690dc1ea63628ae6a9b16fd80a50b499438b5418b9ac099162d4354c140
487,7,8,1,4,2,resize,3,2:7,11,0,a09ef1e0f68736434dd652562c782c97c0c6583926a6e4cc746820f9da92737d
587,7,8,3,4,2,resize,3,2:7,12,0,a0baee7d3cf3202cd59cb2ccfe5f2ae7ff92704ba88669954dd459169245c9ed
477,7,8,1,3,2,resize,3,2:7,13,0,ee623290b292bfad470694218349200aceda4953ab6bdb3f1ffaae0c56ad337f
567,7,8,3,2,2,resize,3,2:7,14,0,efbb8dd56be52d2ada33891004b120b33d3775e5de89f1a0c51b7d04422def74
557,7,8,3,1,2,resize,3,2:7,15,0,f029473a0abf2b66e2a9c94cfad691c8c3f7300c5cf5ce783a86b98e1fea5628
488,8,9,1,4,2,resize,3,2:8,1,1,21cb480b7c3c240dfdfed8c68c56064e7e9a63405cef162de0299b848aca694f
518,8,9,2,2,2,resize,3,2:8,2,1,27c9e8b9b46eaf476ca859bf43cedb1b3e196cd9c98ce91cc0f8a4cfcb789fc0
528,8,9,2,3,2,resize,3,2:8,3,1,39da5f7b687f98e1b525c8ea16f07753ae92dc2b748bfa24b62b20f3f89727b5
508,8,9,2,1,2,resize,3,2:8,4,0,52b48fe54014034a6f7a63fd281028205f8a28e306a71df856bfe8ef9f28bceb
558,8,9,3,1,2,resize,3,2:8,5,0,5bae1d60e93cb1991bde8aea1d5aecf217c38a18a3dd932bce8e36578b1b084f
568,8,9,3,2,2,resize,3,2:8,6,0,5bbef627b18214118e6ea71452d8ff8452e2f372722f8ee66076ffa859760b7e
548,8,9,2,5,2,resize,3,2:8,7,0,5f7fe0964bf3546ac023c2b93f7f3d83f214b4b7e397fb4fcdde69e626556844
498,8,9,1,5,2,resize,3,2:8,8,0,74fa7718ad74365eab2b60d6d93a4d65a76dc0e6b5ab434c81641bebbb821d62
468,8,9,1,2,2,resize,3,2:8,9,0,7e0744bc3b8b8a5864b231ac34d6d1ae9a76fb914b2827d8d24d3fddf371194f
458,8,9,1,1,2,resize,3,2:8,10,0,8c5cd6283f4aa66aa1970df3bfa6eae3ca5affbfb9c5db1a10c70e67c5658745
598,8,9,3,5,2,resize,3,2:8,11,0,9471b43c3f823ea0add0f1c4ebe48ccb77f8c4d9901a586b5164e2d4aeb950a2
478,8,9,1,3,2,resize,3,2:8,12,0,c1abb8b26bb375a741b530eb4e9bcc7bd48b2c6f81da6d5870f4c1662213580b
578,8,9,3,3,2,resize,3,2:8,13,0,de6095b31a896fa58c08a49f017c3960bc4ac6e97bed856928d6264068243aa0
588,8,9,3,4,2,resize,3,2:8,14,0,dea4c9569021ae4c0e2a15ba8826ba6b8c4b9c1a3f9727cbeb6a8f33970167e6
538,8,9,2,4,2,resize,3,2:8,15,0,fc7a1e24942f2297a9e8bbbed6e3a6c05475c4fd78062177cf9c689d0647ea2a
549,9,10,2,5,2,resize,3,2:9,1,1,0ecd3fbf76b61d50f4703a9d7029000cf527ab82ebb63ffa9790f9ee00a4c32f
459,9,10,1,1,2,resize,3,2:9,2,1,5fea088c9b0ac281483d9698bb6a8564788b8ddaf6a43038e0013ed77a83fb5b
579,9,10,3,3,2,resize,3,2:9,3,1,7288385498aa81359b7b003a36b4d1731dcb1200940611c5ea61b6fd028390ad
559,9,10,3,1,2,resize,3,2:9,4,0,7402b6f24f30c8d83539cec3fe0111c8ffd7585ec86ca444652f62546863b28c
519,9,10,2,2,2,resize,3,2:9,5,0,753fae9cb58a258ecd47a004d89fbab36fca82f460ed54fa3d579d9fa9f0a85b
489,9,10,1,4,2,resize,3,2:9,6,0,80555d72b0f9c3edcc9abdbaaff1ff6a59afea40a16747f77a812d8d53cee6cc
479,9,10,1,3,2,resize,3,2:9,7,0,8297ec938919fd7b873394501d83be29128e200c938ee739233b4340b4014158
589,9,10,3,4,2,resize,3,2:9,8,0,87407e3abd9295545869c75b84484937659fba311b735a747910d59ff9e6f85d
469,9,10,1,2,2,resize,3,2:9,9,0,8cee1af1a9922838c07caf202914a5eef4e89bba88e81925e00f4e180fc2034b
499,9,10,1,5,2,resize,3,2:9,10,0,93aeed810ec2e44eaeb968cf41ed7dc4dae8ff91d009679d6ee3bc1380fb823c
529,9,10,2,3,2,resize,3,2:9,11,0,978d3311c31fa1dce42e6fbb1854c7dd4f212bd2039f8862dd3bdb9fe0cf9de4
599,9,10,3,5,2,resize,3,2:9,12,0,d9ef4a099387047ccc1e40b419e548b8827e57f2dac9b01d0378d3837afb6030
509,9,10,2,1,2,resize,3,2:9,13,0,da997ca05f51b481ad9730bf44f9345c79c1ffb81d330b294ed92ee1b4880c81
569,9,10,3,2,2,resize,3,2:9,14,0,e90c8194554778bb11dfad6352c4f34c7729b4da35f7e07db3a81a13b7d20b74
539,9,10,2,4,2,resize,3,2:9,15,0,fd9b1b0d142cc35f06243473be6a3dee6734fdd9f8e75ad228990d0a1603633a
2990,0,1,3,5,6,contrast,3,6:0,1,1,046f73625f7108d61917fed25d3510f359478e4c89ec32e07e9a1aa0700cc839
2910,0,1,2,2,6,contrast,3,6:0,2,1,227c2e5e31f1b6e1e1ee129f719b20f8e53a45b3f7475d41aeb24a7c532d743d
2930,0,1,2,4,6,contrast,3,6:0,3,1,31fe5ff2b0453a21197d74ca544821f903f9a988e89b123a3b26bfca61e24e22
2960,0,1,3,2,6,contrast,3,6:0,4,0,3cd6fd8893683d53bd5f6c32aafa592866781133b59272440eb890e61d6f8780
2850,0,1,1,1,6,contrast,3,6:0,5,0,50841ac3ecd2ccf7ef5d5b1a07f7480cc9da0574aa055bf26136cc1d8b15b7f0
2880,0,1,1,4,6,contrast,3,6:0,6,0,82c732cab2432e7124b8d3344d5613ae9f3583817a159c0ae9587061b68d399b
2970,0,1,3,3,6,contrast,3,6:0,7,0,86bb359828792f7b96316d99fb6966479f24a6e483208940fff8e5c1d9af3f41
2980,0,1,3,4,6,contrast,3,6:0,8,0,94c480873e3ae59ea9dccf6039767e397bd9fa94641004a31a6e6a1e69b07f33
2920,0,1,2,3,6,contrast,3,6:0,9,0,9e40ee8b496e4456a1eaaec6703c6d381179e06514b34f3dbad2761f5385f5cb
2900,0,1,2,1,6,contrast,3,6:0,10,0,a8614adfca19498529d3d54910c45089c0637f5d5ec54163a1bef30c7ab22272
2940,0,1,2,5,6,contrast,3,6:0,11,0,be000d6bee54204daae439a4471d1fe2424cb24564995c9b832fbfdbcc9c5e34
2950,0,1,3,1,6,contrast,3,6:0,12,0,c1bcbc8e1f3213388a5d08606fca970f8dc92a129beae1af521a7c43d1d5a32a
2870,0,1,1,3,6,contrast,3,6:0,13,0,cc1259c350d2fdba91521e7917f7bdd9251f62339a092a841137881252c49a60
2860,0,1,1,2,6,contrast,3,6:0,14,0,daf93bd18c7128428d844ff204a734f0048b1bb6e2b8abca0c664838f6a010ef
2890,0,1,1,5,6,contrast,3,6:0,15,0,ed264f7280bdea1859cbb3f96165fe68280e38d0f97a0c09976404f193699928
2911,1,2,2,2,6,contrast,3,6:1,1,1,2990f3213b8ce40298ec2c07775b150a677999076421c09f902a2235f186fb96
2881,1,2,1,4,6,contrast,3,6:1,2,1,5855b7aae7cdaca91a86dffefddc7a20d81dd01f78397e84669eec589f212b10
2981,1,2,3,4,6,contrast,3,6:1,3,1,5d0e3bae16e5423cc1ff0bd703fd0b6977a747d562237b67c51475c87fd0b81d
2941,1,2,2,5,6,contrast,3,6:1,4,0,685da2dc0d87fe0ba1b6b7b5da6241bcd90b2205cb7f515f29ffc20b7c043e56
2861,1,2,1,2,6,contrast,3,6:1,5,0,778376ea2ec4358de69b9c45ad46c55f6b264d52f5f3956ab1ef870a0262057e
2921,1,2,2,3,6,contrast,3,6:1,6,0,801981514761f10c0602f58e796a243c53eb8ef1ecf8a43d6d507ef2eeeb6b07
2931,1,2,2,4,6,contrast,3,6:1,7,0,90b85c5f152e385013d65679e0735ab05768f756a5ef7733c1f828d549fc2c61
2971,1,2,3,3,6,contrast,3,6:1,8,0,91b02d23aebd62f3dd7f49187a30cc75e9177f115adf648a9149d6255745b785
2951,1,2,3,1,6,contrast,3,6:1,9,0,a214ffbdd2a804b141df7f16a8d19d11498056ccafdd96cbd17ac1914f654c26
2991,1,2,3,5,6,contrast,3,6:1,10,0,cda8b0eceee22439f846232dd7eab11fa586cca3d95913ad6a631081b2d3f0ab
2871,1,2,1,3,6,contrast,3,6:1,11,0,e41171cad025000f4fa32ff51edcdbdade96804f796b07fc8e4575ba23757002
2891,1,2,1,5,6,contrast,3,6:1,12,0,e49e35faf490b086eee654165ef141bc1ec3105c41438b912388c8982901b1ba
2961,1,2,3,2,6,contrast,3,6:1,13,0,e658c912b425212d6aafd30a3ef8c50b4280f45d9fb9567da17acac6e76945ae
2901,1,2,2,1,6,contrast,3,6:1,14,0,e8bcdeda1d434eb28e6fc5945867ddb81fe69a892813dcbed3b38b37a6681b50
2851,1,2,1,1,6,contrast,3,6:1,15,0,f9327b51d853f0de63b0281d0f50727f51f8c57aa635c8b246191d0d11bbf34a
2962,2,3,3,2,6,contrast,3,6:2,1,1,04d3d83f53941574708875c7b2ef8f3dc7972ce929ae033a123f2fee3fd77323
2882,2,3,1,4,6,contrast,3,6:2,2,1,0e80d9c7c240f6a06e5a7d049fcb53e83ae76642c5c01706006cfa357014a373
2912,2,3,2,2,6,contrast,3,6:2,3,1,1e125ce35ebbb62c65a38f319ff324a1c1c936e7e386721f427fb20ed8fddefd
2892,2,3,1,5,6,contrast,3,6:2,4,0,27cd6a19b2a93d1867770d16f1ef270a6c1ae9139d95ea8873e8672eb8cbb240
2922,2,3,2,3,6,contrast,3,6:2,5,0,461e3ba046978c953b40c7f12aa65c4148e0eea6ce935c15bdbe2b814e90e176
2982,2,3,3,4,6,contrast,3,6:2,6,0,628fb38c4dfccfeb13828ac209ca467fbf03e04497c7a18488c4aee63b19154c
2862,2,3,1,2,6,contrast,3,6:2,7,0,7a244bd76fc6af95d02c4961bf16c1dea9e21785c267ad16094aa523e7d180a1
2872,2,3,1,3,6,contrast,3,6:2,8,0,a9d39c6a8e869d72e936d625080bc422b51b4d7e841be83e98b0aef075600608
2902,2,3,2,1,6,contrast,3,6:2,9,0,be11d81e4da069ff7b7221f6834ad46ae722adafe6f039fad9eb5c84b6702c76
2992,2,3,3,5,6,contrast,3,6:2,10,0,cb1153e483416f383c85f4611df7e380e8b8a4847d88715216c43618fbd294e2
2852,2,3,1,1,6,contrast,3,6:2,11,0,d581afbefd6b3e8dbc6a3006933b38b1aec41a4125e59477cab9cc37d2cecd3b
2932,2,3,2,4,6,contrast,3,6:2,12,0,d77e5fb84412e3a94050c6f245d656dbc2038cbb1d3605f98477f4699fa9dd53
2972,2,3,3,3,6,contrast,3,6:2,13,0,d9968d006b0f783311594e352284a0d5a5a00abeab7a9144b90046130f107cfa
2942,2,3,2,5,6,contrast,3,6:2,14,0,f460504f302bfbb8b278686eb584df4fca9292615b095677753651192bdd4c87
2952,2,3,3,1,6,contrast,3,6:2,15,0,f8f5506fadbe81642d743802174140975696938097a84665d9fd865403266ea0
2853,3,4,1,1,6,contrast,3,6:3,1,1,188af4bf556ae91f5eef1e20f36a6a1b7d1092352d911197de19fc2ecc45bd59
2983,3,4,3,4,6,contrast,3,6:3,2,1,1b510c9a89ee909ba35072f00963d74d75f9cf12a7da2929241869f7d29ba864
2953,3,4,3,1,6,contrast,3,6:3,3,1,2e44aa20fd66998523bb40c81b1534f0af5e44f6166adc234e4f2410e0641056
2863,3,4,1,2,6,contrast,3,6:3,4,0,348dc7f5b5bb9b8aa86219711e656937dd461255ec15a0985afc135e8e9fb941
2923,3,4,2,3,6,contrast,3,6:3,5,0,504d811da2083963b7909ac27b69f3c8f833226179da7c48e2f60964ae6e782d
2903,3,4,2,1,6,contrast,3,6:3,6,0,5dbaea7725274f1a85ff416dc4ba093d46a40dc00d2a8366a6916a4d3a16dda9
2913,3,4,2,2,6,contrast,3,6:3,7,0,6e4f8d6589d3313d8d1f37cd6bd1aafb07b6e3411c2babda9306d0c565b1174f
2893,3,4,1,5,6,contrast,3,6:3,8,0,7916c823db2b08dd80513765d5c104bcb918324cc56dfad7bf316968bfee803f
2993,3,4,3,5,6,contrast,3,6:3,9,0,813c05bbeed6ca0e2c38ec1ed3c46d7d7e616e094110ed18ef77d84f8b8b6e47
2963,3,4,3,2,6,contrast,3,6:3,10,0,ba1bea900bcef179b185f694ebadf55914a974d075e2d03c2b811ab9d94f3399
2873,3,4,1,3,6,contrast,3,6:3,11,0,c54a65b01b8e1751bba6ec0208fe0ebfbcb04ad5a5875ed2200cf41f0a1fecc3
2943,3,4,2,5,6,contrast,3,6:3,12,0,d064e2700ff01c94a7bd9323f6b926da351ce1280283b42b4e95cba0155f8ccc
2973,3,4,3,3,6,contrast,3,6:3,13,0,d7122e302a8e660a47444903659c80a74751b50ba5cc7d8adc16ac19ee8390fa
2883,3,4,1,4,6,contrast,3,6:3,14,0,f511d49257ba15f25ecc129ae96ee61e5b11bc1f6ecbba8c7e59ff9e632e6ee3
2933,3,4,2,4,6,contrast,3,6:3,15,0,f5f04fc07b27ba3c86e8eb67a74c272ebfe932efea93b8cad8c5e46f9752c396
2954,4,5,3,1,6,contrast,3,6:4,1,1,070a501fc3caf7419beb40adb6fd7b2a1a89de6de8360cae60a92480d2016bb2
2924,4,5,2,3,6,contrast,3,6:4,2,1,0f7323297a9a6812a285f6d62868a43db18bfe5faafd478db5b4063f5b4fe692
2864,4,5,1,2,6,contrast,3,6:4,3,1,365d7ab99512325d9a3b54055a25a43754b6b5481472a7e2fd8938ec6e1bf621
2964,4,5,3,2,6,contrast,3,6:4,4,0,3ff7fdbd275f6908b98fc7297646cec4f7d85d3898792f91aae382abb21f699c
2884,4,5,1,4,6,contrast,3,6:4,5,0,65a8897bdaed689b4fa0136b621e7ec96914c63a72e8fee87b7ef77ed9c8841e
2854,4,5,1,1,6,contrast,3,6:4,6,0,767d071852be9fd98fc03857932fe9c0e483bfe782288165d3df94614382978f
2894,4,5,1,5,6,contrast,3,6:4,7,0,7ff984c7fbdecc3f4461729192bd89912b1f7ef46cfb26a40317afd62f3547bf
2904,4,5,2,1,6,contrast,3,6:4,8,0,89275433627f5bc7a99df0edd7b8723c62aa61f26e706bfd37a106ad598a1ebd
2984,4,5,3,4,6,contrast,3,6:4,9,0,8bc066ddb61437ed15f6b832e87bd15eeabb9becac95723e048ec1e47fa5c37b
2874,4,5,1,3,6,contrast,3,6:4,10,0,a0cba7c51f6d5b488f8cf0385a58948cf37c7e78013b00424fe53bcef59690be
2944,4,5,2,5,6,contrast,3,6:4,11,0,a628e7412c6f1a7bfc01713ecdc8d1f85147d1545e0d64ebd98378e7c8836119
2934,4,5,2,4,6,contrast,3,6:4,12,0,b6e6b5afc170227c9c940bfa6f01fbb7e12d9e23f211cb654666671297c5d395
2994,4,5,3,5,6,contrast,3,6:4,13,0,d938a5a01bccfdd2479967d684dd77e78c9eabba9120ea1e48c5fb5c45527c45
2974,4,5,3,3,6,contrast,3,6:4,14,0,dda427275b38aedeb0b6448efed92fda8b140ddbb76f6b81be6b7ae59eff1285
2914,4,5,2,2,6,contrast,3,6:4,15,0,f625382132f5e037a1956ffb3edbb7353b604dca8c9529aca8275f90c1cc2f0c
2915,5,6,2,2,6,contrast,3,6:5,1,1,1bd64961735317f8595356ebe3db1a6516766447d9c0e37fcee84dd4f3256740
2965,5,6,3,2,6,contrast,3,6:5,2,1,1f1b9ea4c15860e3d43b863c3eb4f3262336d3053aa3d90ca3cef6ded21ad345
2875,5,6,1,3,6,contrast,3,6:5,3,1,3329da87c7020a893469def8752544a599268a8ab6838a95f2de4223a98d3065
2985,5,6,3,4,6,contrast,3,6:5,4,0,62312e0184bc494bee30dea1ed1f51c2b05320393112b0fc0f32746623f4cabc
2935,5,6,2,4,6,contrast,3,6:5,5,0,6c32af937ef773eef11354045f5cad3a02cd446f46f9bf6cc62642dce9353ef8
2895,5,6,1,5,6,contrast,3,6:5,6,0,776f5ea4de0f7273350c7c48b3c3c777efc0ea165c54098f0777766f78438136
2955,5,6,3,1,6,contrast,3,6:5,7,0,80b10cd418eeb7e1b3caf97e853df980602aa033fd1182374b3f37dd35c73d05
2945,5,6,2,5,6,contrast,3,6:5,8,0,b24791eb454499d22e9a1e026600c69caf03e00e3b6fc7ae8b6106adf4393ee0
2865,5,6,1,2,6,contrast,3,6:5,9,0,bd215be35d2ff6830df60182b7a30a8c27c5489752d14be9223fe9302c0379df
2995,5,6,3,5,6,contrast,3,6:5,10,0,d84044262c960658478ee6c55c5cc9add342fe5de784cdf99a79c7c0e4b0c5f5
2975,5,6,3,3,6,contrast,3,6:5,11,0,d853e201adca094455fcfdada67dacb1494a29c3c078db4d71aa0dcc68bf0f6f
2905,5,6,2,1,6,contrast,3,6:5,12,0,eaf9bfc5dbc55f15b98437a6a8acd71fda568d27075515ee94ccba03c6a71f19
2925,5,6,2,3,6,contrast,3,6:5,13,0,f1ad93efd8002c8cdc8bd39654259a765fb8200563d012a83a5e0192b64bb4e8
2885,5,6,1,4,6,contrast,3,6:5,14,0,fb1a5818d248728712b1862cee148b6194788c8bc28ce8b25cfd26a22b5b988a
2855,5,6,1,1,6,contrast,3,6:5,15,0,fb4fd175502cb8de751878cde3014c05621796c1e5c33f396412752e42457dab
2966,6,7,3,2,6,contrast,3,6:6,1,1,35752b8da0e993a3db5f6d68928af90f549dd30c761cc253d16486547270efc0
2896,6,7,1,5,6,contrast,3,6:6,2,1,39386fcafd87d6a02b1700bf1d908aa94fd8bf3dc2e5024b8ee625083dcdb2de
2986,6,7,3,4,6,contrast,3,6:6,3,1,407bc67c22d4d7d5f35cad6da08fdf6d3dd4a0d212da180ea8046ad812c15e1b
2926,6,7,2,3,6,contrast,3,6:6,4,0,415b9284e188cab14c9ceb76ce2a19a18fbe00d41dbae8a3564e7c664333b949
2936,6,7,2,4,6,contrast,3,6:6,5,0,4391017bac452fb9fd94264d85b25868edd863abf17f4abdfa6e46fdfeb5319c
2856,6,7,1,1,6,contrast,3,6:6,6,0,5a8f5bfbc27f46bb613adf5864ac752512745efffc58733e2a52db4667ca7a17
2876,6,7,1,3,6,contrast,3,6:6,7,0,679b978313c8357fddb1e0abd277c98b1825aac3bae89a35e8d0e37d47eb0323
2906,6,7,2,1,6,contrast,3,6:6,8,0,6ed7c315de2926439f1db657a6745f43a3f13da4670055511f33846bab887515
2886,6,7,1,4,6,contrast,3,6:6,9,0,76c8afe2e8d7635330a370d89a2cf2c4d07a04b6f8b89d8414454469ff1879bc
2946,6,7,2,5,6,contrast,3,6:6,10,0,93662ad3362b365028f93f73969b5fa84e30c038ec403b65e3ab7463b7ff16df
2956,6,7,3,1,6,contrast,3,6:6,11,0,9448989be5e023c2a2b16bdca5ce811ffc5bab691b04bf9970d81b2f7453ef93
2976,6,7,3,3,6,contrast,3,6:6,12,0,a64c067dcc3169232b2d6c8ee91ce8c9667864c4576f354a55d11c8f283e46f2
2996,6,7,3,5,6,contrast,3,6:6,13,0,c590a520e4bca890b7609a7b9861414633843371b25f483709fceabcad81f655
2866,6,7,1,2,6,contrast,3,6:6,14,0,d93e79158347a66614c5b277a510705c29f3234aa24b9006980bcd501109c3c1
2916,6,7,2,2,6,contrast,3,6:6,15,0,ff36027594c463d6943e7b42a8f135dea6fc211b4115be2dc6e574c33786c4fc
2867,7,8,1,2,6,contrast,3,6:7,1,1,070108d5737ea17e01717a4efe743fd6ef4cbcc11162465510d254a1af29a7a0
2857,7,8,1,1,6,contrast,3,6:7,2,1,1eab66c4ccda7752c6b5a701b0f1bca2f68270c41f5b66d59d8aba9c8d24f70a
2907,7,8,2,1,6,contrast,3,6:7,3,1,29828d370070344c14b4b755299ff9f1a8e9086c3162ca783da421be2cdb2a2f
2897,7,8,1,5,6,contrast,3,6:7,4,0,2f660804f2b27b5ecfa99d2d6df45fef0c5d36890ed84dfdaa8c72c7d107458d
2977,7,8,3,3,6,contrast,3,6:7,5,0,39e086d2c4c0686d726ecda997e4cf4e80d88ca13566e751f061c51294093a13
2927,7,8,2,3,6,contrast,3,6:7,6,0,3ad5afff7309d67a3fead31e0fe7107ac973ef26fa2b4428ebaac650be96f0ba
2957,7,8,3,1,6,contrast,3,6:7,7,0,54371b91df8ab3cdff4c01271bc6895fe3e2798fb2a2409252a97a5e0cf872ff
2947,7,8,2,5,6,contrast,3,6:7,8,0,618da4ade0c02b8eb92360c9383175d0f4741914854df325e9339e89a95727af
2887,7,8,1,4,6,contrast,3,6:7,9,0,8c23f8050df156f465262f29735c59bf082242859de9b569365ebb43b0e1bca0
2967,7,8,3,2,6,contrast,3,6:7,10,0,a4a6ee094a7ff729015b9e2eab19607c060e3dc8dc4cfc20fc2dcdf5c7d96eed
2987,7,8,3,4,6,contrast,3,6:7,11,0,adc2bb807becee2d19d04ded5415d409da8f6642a46923e6d4d4625cc86911d6
2877,7,8,1,3,6,contrast,3,6:7,12,0,b131bc42f4585a1e12252a6af1a3bcc17eebbe6c5b3e3a44178525095d5166be
2997,7,8,3,5,6,contrast,3,6:7,13,0,cb1aa7ec8b5b7211eb20257f4d1b61e945d74ad320d063c43882d1775afc47e7
2917,7,8,2,2,6,contrast,3,6:7,14,0,e4dff71a0ce4e3c8a46cb06a36967439c3b40e1da87a1946b57de2ff28038eb9
2937,7,8,2,4,6,contrast,3,6:7,15,0,e8f8f7066404f0b22c6cf24babf7130172dee93dfbb005af0d971ee9692c58de
2918,8,9,2,2,6,contrast,3,6:8,1,1,05d9ad161f395514143bd470f4122822820a962e5ecdc9b50c41701568300f06
2898,8,9,1,5,6,contrast,3,6:8,2,1,1c0a5846a894ead2a0c8d656dd383fca908f0f6612fe9b477420465148327ff7
2888,8,9,1,4,6,contrast,3,6:8,3,1,31623214cce509d6decb7bc7b2cdd4fc1e5a4b2157a8747fa21b0bb60c866142
2868,8,9,1,2,6,contrast,3,6:8,4,0,563e1d2f94bcc9fcb2a7b3b7cb0f948419f0aeb10c831b91022fbda8b842b500
2878,8,9,1,3,6,contrast,3,6:8,5,0,68958e1fc09b8819a62e114dc5decf6710860d3dc71f7c4032af088d45d2756a
2858,8,9,1,1,6,contrast,3,6:8,6,0,6e56473647f4202ba93e2cd4ef644d07739e086f4c759f351449076844dfbe39
2948,8,9,2,5,6,contrast,3,6:8,7,0,70c9a6d56afa8776da36484c6eb391dbd723f88b6f2a16687181749513b398c0
2908,8,9,2,1,6,contrast,3,6:8,8,0,8da60f85f007821e9c7647aa5ce93853fae237a1366229c7eda89df206d74301
2968,8,9,3,2,6,contrast,3,6:8,9,0,a5544c29ace323ed82cd8770890d205a682ac5eacca912a55e943f834326fdca
2988,8,9,3,4,6,contrast,3,6:8,10,0,b6d98bff5f1abf82e783a37f0962b3f18cd525ae591b26bbee15cd4b05cf5946
2978,8,9,3,3,6,contrast,3,6:8,11,0,c9ad5073fe18f647af7c59690caa77fb13d82470616a662cbfa3f35e9c7c10c9
2958,8,9,3,1,6,contrast,3,6:8,12,0,e51239e9ff1887d94fa2ab3be464ed4a28bb056918385711d8b3fe54d3a6d47b
2998,8,9,3,5,6,contrast,3,6:8,13,0,f44bd966cf992e01ecad07b5dcf6bb8bd6f5ceb06febdb93e6fc7e1fe7e402d6
2938,8,9,2,4,6,contrast,3,6:8,14,0,f6ac852d94b01bfcaffd128b33fc4836d20c66db183a77bbabeb3da6c8319caf
2928,8,9,2,3,6,contrast,3,6:8,15,0,ff60284dcc61bc45eec77e0bdf0f3f07944403d4617dc68a608e2eab4ea244b1
2869,9,10,1,2,6,contrast,3,6:9,1,1,0811cc94168bea4768913e44073dcc4ca812b75fd91f3b34f5347a1ade1937cd
2999,9,10,3,5,6,contrast,3,6:9,2,1,3224bb36874fb425ed884a1f3e9c63e95a9a2b5a41cb2c19c4f9f2c2ff2cad23
2899,9,10,1,5,6,contrast,3,6:9,3,1,3c2e9cca58a425de146b6d261ea72663452f7d97b7cd07a4389edbd6abc2ae2e
2929,9,10,2,3,6,contrast,3,6:9,4,0,4d65cb5947ef35e6efc5f0f30a8a0ee45d097a35820ef77e57c02059b9e2f954
2949,9,10,2,5,6,contrast,3,6:9,5,0,4eb8d9868117a89aac00be51c8513a2e405063f16bfeafae146272cb9f8af804
2979,9,10,3,3,6,contrast,3,6:9,6,0,5c0c8e5550d13571b6cc334a9d8144dc4212209a26cdca77d5ef1eb232fb9373
2909,9,10,2,1,6,contrast,3,6:9,7,0,6ddee24b6b0171ff96443b46a43999f3d3910c2797bd27e20ecbefb09788c1d8
2919,9,10,2,2,6,contrast,3,6:9,8,0,96bb2536f89d6b05940dd9fa24ccb803474f3a73a83f3bcb1b4332a15c19dd06
2969,9,10,3,2,6,contrast,3,6:9,9,0,a454e95fc5f83cc90e0a96803537b1f32993f65d87d3facb114cab90305ca37a
2879,9,10,1,3,6,contrast,3,6:9,10,0,a6f4b2e646023d1e77437363dcb0f64570716e974b8b6ecdc04646365c7a938d
2889,9,10,1,4,6,contrast,3,6:9,11,0,b5537ef5274d9cbbf6a0e25f236a3b7d58e4eaf21dcbe5969db51e7b3eecb116
2859,9,10,1,1,6,contrast,3,6:9,12,0,d298e665e091b96d35432c219c8178126a856c5912d235d508d3ca46df129560
2959,9,10,3,1,6,contrast,3,6:9,13,0,e70f8a35702e05e4965dd11000e2cf5450ceef66ddd7aec534961a1060d54f0c
2939,9,10,2,4,6,contrast,3,6:9,14,0,e987be8b65ab170c98bb0d3ba2d7bcbbf2b5b75151d2e7d9c52a52c9aae96150
2989,9,10,3,4,6,contrast,3,6:9,15,0,f337f1a7ea865b0e89cedbbff319eda0ba80237e731010be294ee3ce6ac00365
5460,0,1,2,2,11,grayscale_resize,3,11:0,1,1,024462d38e851d33206256d7da128ff5bb61b94c5394cbc72a7105101b24646b
5430,0,1,1,4,11,grayscale_resize,3,11:0,2,1,107cb7ac6a892da47a9f14af676019e6430e34fe6c4c69425d1968b803a41875
5490,0,1,2,5,11,grayscale_resize,3,11:0,3,1,260a0894a79b850771eb4269767c331f0f7738ea15bd3902a96371b67f67d1db
5450,0,1,2,1,11,grayscale_resize,3,11:0,4,0,2b8b96af534dff81136c99cd65af8851aadb072c2ca82ef932fef015740a00d5
5420,0,1,1,3,11,grayscale_resize,3,11:0,5,0,2de6b20daaf386c06b608ddaeb43fee8f8d6a464f35a1e7b482dcde7757d826c
5440,0,1,1,5,11,grayscale_resize,3,11:0,6,0,4b89df8b1ba7ee3bedf389b964fc6b187b0ff9a86a24a15642b2739c196d9c3d
5410,0,1,1,2,11,grayscale_resize,3,11:0,7,0,52310f6c540cb9b801dcbbc9b075aeeaba6d115456d06d1e9fac4bcaf93ea9b0
5500,0,1,3,1,11,grayscale_resize,3,11:0,8,0,54d6fca6b3ca3c76a25618f4259e5679c39df6a8ab4ae4fda6411ed8a3480651
5530,0,1,3,4,11,grayscale_resize,3,11:0,9,0,5b866449ef464bf23d2244a92266ab06c756bc3bfcc9bb909641f5e93e2ac591
5480,0,1,2,4,11,grayscale_resize,3,11:0,10,0,6c4ffa99646d8e65efe4aea0a84c35bb41fe6bd77c8e213e25458801a457a414
5400,0,1,1,1,11,grayscale_resize,3,11:0,11,0,9605531dd77b1a9c795d699150f0daece7ccc06bb9bc0635fd6ceb7c0b1fdf4e
5540,0,1,3,5,11,grayscale_resize,3,11:0,12,0,a4b51f7044e0eba1d899231e4ff9524017f0b968afc9d3d1987d2de4ab4b8fb3
5470,0,1,2,3,11,grayscale_resize,3,11:0,13,0,be295305f9c70a915368a7c97e7e56163f828a91fd34b2c1ba6b7f9d1b39a3e4
5510,0,1,3,2,11,grayscale_resize,3,11:0,14,0,e7cdd0653f4e158eee7fef32e34061f4ba54aedb4a6f70ee738e69359694d75a
5520,0,1,3,3,11,grayscale_resize,3,11:0,15,0,fc81d036d9324408a6e6227ff10a8298a518933bd13e577bb9a511141b10bd23
5481,1,2,2,4,11,grayscale_resize,3,11:1,1,1,0b083ab4035669e7e9245c55d8b4ef3e249fde647df7b7d3d9e76635057ecd87
5431,1,2,1,4,11,grayscale_resize,3,11:1,2,1,10343bbaad91577bb5f9cf8370e3ba7059688aef0b98aef90f65731e2344ff3c
5531,1,2,3,4,11,grayscale_resize,3,11:1,3,1,12de460be02ed636f411aa86fbd68bc6c191ad8042b920039c7f4f94f3edcd2d
5461,1,2,2,2,11,grayscale_resize,3,11:1,4,0,169d789985b0adb3fdb5b7cbc4b5a7203831881d028ded019b894c14cb53739a
5401,1,2,1,1,11,grayscale_resize,3,11:1,5,0,2e37dda81adbc5fa473146c9fc6c664fed0bcb7a3c4c85ce7b4674461a828412
5441,1,2,1,5,11,grayscale_resize,3,11:1,6,0,5803160b85a69b6927b0a0124598b48e75fb70084b808d81c22caa5729d59b4a
5411,1,2,1,2,11,grayscale_resize,3,11:1,7,0,8fda3dc794a48d53c8ad4209f7aa62520d4bef461bd9c378bc586ea4c13cad57
5451,1,2,2,1,11,grayscale_resize,3,11:1,8,0,96752ac835366058775a379712ee5d4f3ff120038e16f82643a94101c673268e
5521,1,2,3,3,11,grayscale_resize,3,11:1,9,0,aaffdf336f2a69f619ea2873c6214f84f6eea07110b37221aaf3a43dfe468f32
5511,1,2,3,2,11,grayscale_resize,3,11:1,10,0,ad6492cbe8fde969a40f05ae50c4c27517eed6aea3798f3d972e8fc21a549042
5501,1,2,3,1,11,grayscale_resize,3,11:1,11,0,b4677246e8e7026d558f0e0ad0ce4e3a0f6d179c50fd002ef620793e9836ddc2
5471,1,2,2,3,11,grayscale_resize,3,11:1,12,0,da688f1d75ebd41edbe7ecd73187ba63660d8d60b4d6aae244a428bbdbf6a65e
5421,1,2,1,3,11,grayscale_resize,3,11:1,13,0,e2ab251dc6bd3612f56592c520dba7f8b50d8e1d77a9c936f825d26d737f9ce4
5541,1,2,3,5,11,grayscale_resize,3,11:1,14,0,e2efd4e3da3f0fe0787510c91b86fe35220b48c84aec7ca6615b5048bae74b22
5491,1,2,2,5,11,grayscale_resize,3,11:1,15,0,f9a3250e42b31aec2b72b2fa9114a2b7f4a3dc6c7091d2929682f0614a3297f7
5422,2,3,1,3,11,grayscale_resize,3,11:2,1,1,03da566f2cd626926ed3bd125c0e148da149ab96997ede60478ae1e22896c94a
5432,2,3,1,4,11,grayscale_resize,3,11:2,2,1,0ab8fefb1bf7c804f00a13d5c3f72e3ef9760063dece1c90dcd82080b9c2c302
5482,2,3,2,4,11,grayscale_resize,3,11:2,3,1,1979135c375b132d41e27cea41c86a65ad8b1b14b397e9cd5a57e5e9776e8e2c
5442,2,3,1,5,11,grayscale_resize,3,11:2,4,0,19e1868fb6b92594170a8dffa10dd2194248b56661a73c1202e5eb72da2f811b
5462,2,3,2,2,11,grayscale_resize,3,11:2,5,0,2c63f8388cb66969fd4d370b331859f36122faf482594c50e5d0ddfa2dc34ffe
5412,2,3,1,2,11,grayscale_resize,3,11:2,6,0,323acd5359822e6c5a1ad2015de7feda7b307dc5969ce25c451f29cfa3517fe3
5532,2,3,3,4,11,grayscale_resize,3,11:2,7,0,5ccf36687c3be708f51a022bc56f41784d6ee7d1a77ec83152398c71abca5570
5402,2,3,1,1,11,grayscale_resize,3,11:2,8,0,7d9c9e77209546f461f99593a1473d8ed32928e62268cb3f7b93885e12cfecc6
5452,2,3,2,1,11,grayscale_resize,3,11:2,9,0,a22c65cca0d1eb8b789fd18f1f615174f4a26d5e36c9578bec3e2e5b237b0cb2
5472,2,3,2,3,11,grayscale_resize,3,11:2,10,0,aad93835d3d2e6408b3169bc3162eb00a43aa5858d1ca56ca5d45a0dc5426647
5512,2,3,3,2,11,grayscale_resize,3,11:2,11,0,ae60d583842f6d9d972d65de7b8efc851d87b5daab689c71b549d4ac75f39e9e
5542,2,3,3,5,11,grayscale_resize,3,11:2,12,0,bda8b6a7000deac3dfb660f0ff9601d203dce3559bb5ead6c085d6bb24e8b0c3
5522,2,3,3,3,11,grayscale_resize,3,11:2,13,0,df02ff22faaae0c47227c05afe7741e1552afe805565c1c1b7bb305f3bbe8969
5502,2,3,3,1,11,grayscale_resize,3,11:2,14,0,f5ac2bbcd600b43bd213f1c64cfcd635d1f955eae882edf3334050e8bed779af
5492,2,3,2,5,11,grayscale_resize,3,11:2,15,0,fc08d11ab893eb3c735bd494a1b91826be7af3ddf26740ff57d406a52f6a8bc2
5473,3,4,2,3,11,grayscale_resize,3,11:3,1,1,2299ab372e37187ca6b5bf8096afc512189607c15f161e8d10188b7456a7eebc
5433,3,4,1,4,11,grayscale_resize,3,11:3,2,1,24b93ebf0512124d855be8e84b7fc3f5428048544fad9936c76404ff0062ed55
5503,3,4,3,1,11,grayscale_resize,3,11:3,3,1,251e417832b993284add4ce6f47bd118ea390b2f36b50f18ef465f79377869b8
5513,3,4,3,2,11,grayscale_resize,3,11:3,4,0,358ad366d4565517b563a50428879095eb77d1c68395a5babb862f1fa7347ec3
5413,3,4,1,2,11,grayscale_resize,3,11:3,5,0,47aad601127c2906b7305500417e9e76a2ba601f86f28332f0db8bf05de7a131
5423,3,4,1,3,11,grayscale_resize,3,11:3,6,0,6659f17b7c801b1b1a676a3904db1d8cb1e82ea1ed8b690fa169a721d6a191a2
5533,3,4,3,4,11,grayscale_resize,3,11:3,7,0,6d46b7b3ab82735514785712dc124856e0c05211df53d5eea1bdbb7e01108741
5493,3,4,2,5,11,grayscale_resize,3,11:3,8,0,86c50aa0ebb77163ee707d6a51ecf74c7fcb99eabd20371167fd4d86bebcfed7
5483,3,4,2,4,11,grayscale_resize,3,11:3,9,0,9d21b8dae001ccda416d5a473aba42d4ac2833cc2a93efccc1b11483c072c339
5443,3,4,1,5,11,grayscale_resize,3,11:3,10,0,a9655f4ea9421d0f6c1a64113c36e36fd52f5a4ca79f77a789a0119fd7127e24
5523,3,4,3,3,11,grayscale_resize,3,11:3,11,0,c08cb3635fc7e225f58fd17d8fc280d4953b7ad30e1bbc0829fbb628f19ff756
5543,3,4,3,5,11,grayscale_resize,3,11:3,12,0,dd992ea33520d9adc0df6d8466ca3714ed97b1ed3c0eb9ee32c1b6293377f061
5463,3,4,2,2,11,grayscale_resize,3,11:3,13,0,e2056a5e214bcf44285976f259cab26e91b4c181dc2b498cbb39ba147f0e4140
5453,3,4,2,1,11,grayscale_resize,3,11:3,14,0,e3e9ce82e5ebbe520dc7243788bbcdb4a33f3df8cccf96c750f06d52a8dea400
5403,3,4,1,1,11,grayscale_resize,3,11:3,15,0,eadb9a6e92ef2161bffb4fb2f32d4ef3e9760bb842ae7c40232e1beb99a10f63
5514,4,5,3,2,11,grayscale_resize,3,11:4,1,1,21acc6b0234a0c6c8b0426ab81b0547aeacae22ba08e8dc2cafacd12583198a6
5434,4,5,1,4,11,grayscale_resize,3,11:4,2,1,2886a4c6ad1f4c4f500cf3b4aaa3b5e2264bc1bf8f4f7966146adc85dd666d13
5404,4,5,1,1,11,grayscale_resize,3,11:4,3,1,2cc833d50d4d3235a3f93121fc42538b4bb8687df641af18a5aa12674af1f1e8
5524,4,5,3,3,11,grayscale_resize,3,11:4,4,0,2fb91539c96621b92ea352234a5f5880e48b673c42f8a684dc62c8b14440f33e
5494,4,5,2,5,11,grayscale_resize,3,11:4,5,0,3260143410f41830f771cc579b99f3ebdd555b187ddc36cbb5fc264303a1772e
5534,4,5,3,4,11,grayscale_resize,3,11:4,6,0,330d7e0022030c5c3a61efa000d34a47367177b079a4d6df7cd80ab34f98a834
5544,4,5,3,5,11,grayscale_resize,3,11:4,7,0,45da6e0e142844b4eba820da6a6928ba08d02b31db71a0c457ee512aad386a70
5474,4,5,2,3,11,grayscale_resize,3,11:4,8,0,45f86830db16de1045d4cc57e614cdce590059d8d00c63b94adc1086d87088f1
5444,4,5,1,5,11,grayscale_resize,3,11:4,9,0,4ede0896988612058f45dd948494a3ec70f8b89ebd0e0dbf7459fca8e919bf19
5504,4,5,3,1,11,grayscale_resize,3,11:4,10,0,55da9d82640fd84190ae5c517342666c4f6b929ea2328c7e0005429b3222296f
5484,4,5,2,4,11,grayscale_resize,3,11:4,11,0,7574ef058349bf2817a562363673f1671962f4c758d3acf6961559b7a30dc02f
5454,4,5,2,1,11,grayscale_resize,3,11:4,12,0,8e8c081c6db8b1dafd691daa97ec699c56607fe4a5b2a44e2ad78a08a0f6ca75
5424,4,5,1,3,11,grayscale_resize,3,11:4,13,0,a9323f1721f9cece5630d33a9889c765bf403305fea71bc98b7d5cccc473463e
5414,4,5,1,2,11,grayscale_resize,3,11:4,14,0,da8dfce100e8c80f940738e9bacfea45bc70afdaeafcbcd29be01a29759cf6c2
5464,4,5,2,2,11,grayscale_resize,3,11:4,15,0,e5bd0d3af450fe898aeecf948fc6aee9648dc44a3ae26d003ae805e2d8502786
5415,5,6,1,2,11,grayscale_resize,3,11:5,1,1,3afe5ebc26c5e22a27a173aaaeb08b5729bee0812b7de515797920590cd7b601
5495,5,6,2,5,11,grayscale_resize,3,11:5,2,1,3fdacc6a38ef6f9c4aef09d829b478f24fb3c5f39d80f7184e6c846e086d9080
5525,5,6,3,3,11,grayscale_resize,3,11:5,3,1,45bfcb2e93fc4c85b2d0f315a7dbe37531a94470f2a4fba75ec66934f9ab8595
5425,5,6,1,3,11,grayscale_resize,3,11:5,4,0,6d5444c709162e7b4b8aebd14145c301ec4351c3baeccce55193697e053913bf
5405,5,6,1,1,11,grayscale_resize,3,11:5,5,0,82ea4a1803758a660956358d9d73b4a1d5a046c893ffdaa6ae61c5555a1d53ee
5435,5,6,1,4,11,grayscale_resize,3,11:5,6,0,86b6e1f792521e173e9a0aaba36748053ef38ace7ea488481fcdf7771e4db301
5465,5,6,2,2,11,grayscale_resize,3,11:5,7,0,879977205d2b1208904743022556f01d56a3f2c1623098b5658e3fb76104fade
5505,5,6,3,1,11,grayscale_resize,3,11:5,8,0,90a2daa0092f35391a2a25a80955be82eb9fbd9f50b12cad8cc897d0c594f3e3
5445,5,6,1,5,11,grayscale_resize,3,11:5,9,0,b84bb1974596c7c68f309a11a8de74da90d5db21ee79ead561e6ff7c6241b6c1
5485,5,6,2,4,11,grayscale_resize,3,11:5,10,0,c83e8973d153469512c6c366f45e9f83e9318a8125ff702d23daa5c8bf0341d3
5545,5,6,3,5,11,grayscale_resize,3,11:5,11,0,ca5760feaa9a2c3bad80542a5dd12d1a08a5291667c83f5fe648c2046959b4d0
5515,5,6,3,2,11,grayscale_resize,3,11:5,12,0,d0013e2153c012cd3503a210935dc08850fc522e9c7abf67bb5786714fd7d595
5475,5,6,2,3,11,grayscale_resize,3,11:5,13,0,df0aaddd30f4df26152afd4c6ab31ca47c2bbb82277d53388a3c522b65414ca4
5455,5,6,2,1,11,grayscale_resize,3,11:5,14,0,ed3d8747eaac17fc7922e61d60398a09c413e14c84b492545c5beb629050ad10
5535,5,6,3,4,11,grayscale_resize,3,11:5,15,0,fdbf923daf8f49a41918fc9ec9a6b74b47e8d9290decb5b81a2b52ce1d11ce56
5426,6,7,1,3,11,grayscale_resize,3,11:6,1,1,0cfccebe48d002bb92efb94898bababe6e9121bd329c0da8123216cfd585bf30
5546,6,7,3,5,11,grayscale_resize,3,11:6,2,1,2f109dd1027783d16670a4169dc77318c438699f69f67f91274d7409939e56ac
5436,6,7,1,4,11,grayscale_resize,3,11:6,3,1,45d733514cd653f10d58429fde1d5e64e76e53110c7ec43193557429ec357d5e
5486,6,7,2,4,11,grayscale_resize,3,11:6,4,0,698567aa5adb180f4b58a7beaebb2f96503df08f33d7ec8fe2eda420e333a093
5406,6,7,1,1,11,grayscale_resize,3,11:6,5,0,7ef62f95daae1fc4c32bbac1afb050636a5415d7e028eba4652b38fa05469edb
5506,6,7,3,1,11,grayscale_resize,3,11:6,6,0,871c3e29f1a2216b5bcfb4b36b468a85b7ceaba61b07920ca41723dd76b5d7fe
5536,6,7,3,4,11,grayscale_resize,3,11:6,7,0,92c2dcf94d2077265a92918430e2ac01ae9df0c124cc78659be4a2a049a5d9e5
5456,6,7,2,1,11,grayscale_resize,3,11:6,8,0,a183a5abb0922a8bac43ebb5c3457d26a5754f03149e08ab32bd5f0a375a9d88
5446,6,7,1,5,11,grayscale_resize,3,11:6,9,0,a93bf27587c6a9b6472c42ebf6785f49b17d6233f987794fb2835d9f5b3b0b0f
5496,6,7,2,5,11,grayscale_resize,3,11:6,10,0,b957ca6c42f3be350338d1e815b3b9ba311499c4b1410e9c31693d1e359105ce
5516,6,7,3,2,11,grayscale_resize,3,11:6,11,0,bea56de89b4af09d6c683f49a8fdb0a4039bd7c21cb93ba7356f5d8a8d47ef5d
5416,6,7,1,2,11,grayscale_resize,3,11:6,12,0,c5ebea51436f996ae68dd891050bf8189d0ef1b11fe413ae2cc0ba0c08dcd653
5526,6,7,3,3,11,grayscale_resize,3,11:6,13,0,c7d52d1e7e6e2b348195e2438ea80bc0f9c248003c15aeb1459f8806c9db13df
5476,6,7,2,3,11,grayscale_resize,3,11:6,14,0,d1e38f5be3c6e00cef3801dc9712f90d91313158b4a93727c38d50d2fbebe33c
5466,6,7,2,2,11,grayscale_resize,3,11:6,15,0,ff991859e2963074f98fad937f74c74edc7648437c30b146ff329236b625d9be
5427,7,8,1,3,11,grayscale_resize,3,11:7,1,1,021bbdbf6c7060a5d474ae18ff7007e4f7b65480a2975ef52633057ca490226f
5517,7,8,3,2,11,grayscale_resize,3,11:7,2,1,121faed66d818b711d753dfa218afa5b6333d2363ae7f8f4843d9154abb41cc2
5407,7,8,1,1,11,grayscale_resize,3,11:7,3,1,1ffd2355ee74b8c4ce0aa3fecf35521c587997f9cf623bd3b1a1d7236837ef67
5497,7,8,2,5,11,grayscale_resize,3,11:7,4,0,45ad9125f477032ecef3b2ef8b99dea6544f7885b4120f3d64f399b0214f8535
5457,7,8,2,1,11,grayscale_resize,3,11:7,5,0,48ec0fa997817b7a533c5983565861c5f48b1af871fe595ec6e92fc4815ca54a
5527,7,8,3,3,11,grayscale_resize,3,11:7,6,0,63f44224cf2f072c640b55a31cdfc49d8b44e597b3d39ec8196f6e2def16c0b2
5447,7,8,1,5,11,grayscale_resize,3,11:7,7,0,69ee7f0fda3c622fe4f43012132cb4a8f77cac6fafa5e0f0dd0e7d16b3ed0971
5477,7,8,2,3,11,grayscale_resize,3,11:7,8,0,7b610a68b2a3ecbcf49070b3f92afecc2afe3d7a5ce2e8014b1022a5e635fb71
5537,7,8,3,4,11,grayscale_resize,3,11:7,9,0,7f151ba5361891a6501c2d4ec973da1c5050e2be2bf725bfb55b614279f2f48a
5467,7,8,2,2,11,grayscale_resize,3,11:7,10,0,87d6fdc055755372835f86db791f6b5f6d40eb36d76c689fdaf179f9391bdece
5417,7,8,1,2,11,grayscale_resize,3,11:7,11,0,a175f6d42362a2f440e5a092f28c56c0415307475955b64794f3173c6ed41298
5507,7,8,3,1,11,grayscale_resize,3,11:7,12,0,b3a0ccf01fe3903d1ad80476105617dcc30ef98e9141be39807ee3d92b0600cf
5437,7,8,1,4,11,grayscale_resize,3,11:7,13,0,b743997393f20010eb1300cdedb96233c3f7aa82678b851ac6610d491054eab8
5547,7,8,3,5,11,grayscale_resize,3,11:7,14,0,de719f5130277268266b1fa956258196faf8bc3b9904a04083710f8f8ba7daac
5487,7,8,2,4,11,grayscale_resize,3,11:7,15,0,e0f9749c71e6c7508d21c3625cd7c5dea6a3b27ac06770cdceb04c86db86c233
5498,8,9,2,5,11,grayscale_resize,3,11:8,1,1,00865e6d5eafae64d78c42f1a3c9a37e0b93a92fe9075558a4ccaec46cfabc3b
5518,8,9,3,2,11,grayscale_resize,3,11:8,2,1,00d590b73710e272c20725b679ea3be2b6996971100946367d840abbb8949702
5488,8,9,2,4,11,grayscale_resize,3,11:8,3,1,30818c706e89e28865234e16f6027dd9d2e52dab7920c0f27d0494ef81c6af37
5548,8,9,3,5,11,grayscale_resize,3,11:8,4,0,559215d4b9815646fba7d9b1f52fa2bdeb7502a21dd5eed40f9d7583962453c2
5458,8,9,2,1,11,grayscale_resize,3,11:8,5,0,666873bc42bcec678fdbd81ee1cd17e96366f4a73b88b5b88f08e2bedd42c04c
5438,8,9,1,4,11,grayscale_resize,3,11:8,6,0,90ce2f90b650c4545297225c247e157ca77ab198b52d898973207f7db302202a
5538,8,9,3,4,11,grayscale_resize,3,11:8,7,0,a7caddbaddfcab64f1b3731f93da1728e24efc4346296dd197afbc981b400986
5528,8,9,3,3,11,grayscale_resize,3,11:8,8,0,aaeb481e79be2bbe761844e512edb3314c2a9ab82a8b99ae0f82db5c5b6cd2c7
5428,8,9,1,3,11,grayscale_resize,3,11:8,9,0,b61216e98c938ca688e5679d67cc94db32e2d67ce58b1aeab486d17b251faa8c
5448,8,9,1,5,11,grayscale_resize,3,11:8,10,0,be5a81a75659a45107ead390ce1be179bf95092dd4ac75e8ceea260296911068
5418,8,9,1,2,11,grayscale_resize,3,11:8,11,0,c2352b46e369b45d96f2ad16e9146deb555ab21a3d024630d31d382fbab2e678
5508,8,9,3,1,11,grayscale_resize,3,11:8,12,0,c8853b989322c996d568cc7a5da7fe86be67f563403c954bb7b142a40be00360
5478,8,9,2,3,11,grayscale_resize,3,11:8,13,0,dbc0f3d465cf47bf95b629ccb95d81d1e16112a23398d0b4c0356f0af1e96d61
5408,8,9,1,1,11,grayscale_resize,3,11:8,14,0,f2e81d188cb91089972750296bdb4195a06e20453631492d8f1d5b83e9969813
5468,8,9,2,2,11,grayscale_resize,3,11:8,15,0,f2fe110e775e89f6afc1efe1ffd71dbc8f900d4bf94c1b7ae91f4889a59759f6
5439,9,10,1,4,11,grayscale_resize,3,11:9,1,1,18e5e8b1ffa4af39b78f8232aa4244e9365921b9852a4b744199795b337eaa72
5509,9,10,3,1,11,grayscale_resize,3,11:9,2,1,1c79b3f07e75feff6784aeb9a1d332f7c9c081d1f87e0c75ce3f8e4b677a520e
5429,9,10,1,3,11,grayscale_resize,3,11:9,3,1,2bb9e9e1fc1bd69c931d5a5026961467f147c01df0e336321ee085de31f1bd43
5479,9,10,2,3,11,grayscale_resize,3,11:9,4,0,3b96b3fa74448dbf633e2aff3b93c90e066677b8c37788913196d8f5b91ecce2
5539,9,10,3,4,11,grayscale_resize,3,11:9,5,0,4000dbcc306ab738856a298f2e3242b7d0f38d1af51d9d16a8dc11cce3aa92c5
5449,9,10,1,5,11,grayscale_resize,3,11:9,6,0,430f1877448c2ab408ac7a1659b0bf2c85bfae0702b219339b661b389108706a
5459,9,10,2,1,11,grayscale_resize,3,11:9,7,0,66182e335c40566b38966c6e1a886185c80e3bdf7ec0e0a6d06e1b0e1b5f4b08
5519,9,10,3,2,11,grayscale_resize,3,11:9,8,0,866a8fabbb088e87e803dd7f5dd21dbdc26872d97e79d7e962dbeddf9796cf47
5499,9,10,2,5,11,grayscale_resize,3,11:9,9,0,875406880a5827d6b7faa92d106720f1ccb527e860eca0b346454f653e5aa08a
5419,9,10,1,2,11,grayscale_resize,3,11:9,10,0,bf09d7d005c035e85831b7f4c573c443f49ef33acf37101fddbd3f404639f05f
5529,9,10,3,3,11,grayscale_resize,3,11:9,11,0,bfffe990606cb1234f8c1810f77f07a66db5ee56bb4541d290eec5f8591ff28b
5549,9,10,3,5,11,grayscale_resize,3,11:9,12,0,ca2c0e6ed1fee9f78206ba37c99fffec87d6d9cc29fc386e4ddc5266a23a82f5
5409,9,10,1,1,11,grayscale_resize,3,11:9,13,0,dd4037abc1b374d233b026d0a15bfad9dd86a21d5853d7f7c98c73ffae15e330
5469,9,10,2,2,11,grayscale_resize,3,11:9,14,0,ed0940effac7287a875dbbc23953ca2448c706e888f518e824736d0c5a03865f
5489,9,10,2,4,11,grayscale_resize,3,11:9,15,0,efc566fe461b7ec7e5ae0e9437263cff307342556dc7fe4fbed8dbc3cf5e0989
6090,0,1,2,5,12,grayscale_underexposure,3,12:0,1,1,0442ccd79376867f8a9ec059a6c147d9d7c5b075dc66160546e4c22b21a58b15
6060,0,1,2,2,12,grayscale_underexposure,3,12:0,2,1,3004954596653090f2859626d4a4bee7e8e17bc663a443d6b082d9b16d11ab34
6010,0,1,1,2,12,grayscale_underexposure,3,12:0,3,1,3376a9e715766cd070d41ea1e42f376d858c7d3a77d443eb90720cd635f9a7d2
6100,0,1,3,1,12,grayscale_underexposure,3,12:0,4,0,48b2bb64b8ed062b9f068ef7bf330e54987e11116c0af8e4606c1a5a54593c84
6030,0,1,1,4,12,grayscale_underexposure,3,12:0,5,0,703699b5846a2879d34564b8402c71bae5bd53cfa4ee5d3073dffc1fe94ce8fa
6130,0,1,3,4,12,grayscale_underexposure,3,12:0,6,0,77b4d7492d7a91c1dbd46261b938be550348d60178afaedbfab785e68f0bd81c
6040,0,1,1,5,12,grayscale_underexposure,3,12:0,7,0,813a813179913b23fedfad0de89c6f766281de9c577e3bcdb6813b87ce96bb7e
6120,0,1,3,3,12,grayscale_underexposure,3,12:0,8,0,894451fd500860d77cb032216c4cd6cda5ec5b6f016fed32891bea9f98f647c1
6000,0,1,1,1,12,grayscale_underexposure,3,12:0,9,0,8c264312b9842fb1073766ce894d78655d83395b196493b036452ffaaebce51a
6080,0,1,2,4,12,grayscale_underexposure,3,12:0,10,0,98e6904fea319ca935a9ab15dfebbffcf7e5779e3e26b6a3f89b6bc9c20d2893
6050,0,1,2,1,12,grayscale_underexposure,3,12:0,11,0,c49bc76fb73f62cdb391a52ff0e861607add6ac216ebca70d459da2e336922c2
6110,0,1,3,2,12,grayscale_underexposure,3,12:0,12,0,c993b10f38046505f6fcd47c6ef416e14dc24421cc4bcfa1882f4485c37b2edc
6070,0,1,2,3,12,grayscale_underexposure,3,12:0,13,0,d48371a8a67dc8d6f0816d928b0c15df675a41871da180e54cfea1c23f3995ec
6020,0,1,1,3,12,grayscale_underexposure,3,12:0,14,0,d4e8138681007b92dd1ccef4b454c2cffe25154fc682584e3c23c396c7bcd03a
6140,0,1,3,5,12,grayscale_underexposure,3,12:0,15,0,f1a77e3451ab683173daa07301ba8acff9263259e95cbe98904f1a6c89284a8f
6011,1,2,1,2,12,grayscale_underexposure,3,12:1,1,1,0d9b5d38f2838eafb8591f0a909a137b9dfa97f00b2d06401042da2cd040bd70
6021,1,2,1,3,12,grayscale_underexposure,3,12:1,2,1,1030eb2a191eb6c7a8616802e78330ba90e1c64df5bf53befa4bd7fed6d594d4
6111,1,2,3,2,12,grayscale_underexposure,3,12:1,3,1,1660d0d03922371746fcb6399081522fdca37a4b4c117bbc7563aa8a66ff28bb
6081,1,2,2,4,12,grayscale_underexposure,3,12:1,4,0,3ffdb7562cf42248f1d3f10b708f5ebbe27082b7917bf814eeed482edec2ed42
6061,1,2,2,2,12,grayscale_underexposure,3,12:1,5,0,7e71e070b7e197da80a542d618950fc83c414c8d7548b8231060ce31edfa8975
6031,1,2,1,4,12,grayscale_underexposure,3,12:1,6,0,9aa64ee8ce771a0e1dbb37c333688e5d9f85150df2a80082e87501e45be2c352
6131,1,2,3,4,12,grayscale_underexposure,3,12:1,7,0,9edf302bd703be6336a38c9cc4265d1f565f6d47963df90f53cba30fa6c6af89
6101,1,2,3,1,12,grayscale_underexposure,3,12:1,8,0,a215e44146878e7a0c2b3cb2dea01b7965da4e772766cafc83c6a22ea7e03228
6141,1,2,3,5,12,grayscale_underexposure,3,12:1,9,0,afae029b497c4156432cd1aa7d680355c021ad8664dc85244f31642cbfd5bf35
6051,1,2,2,1,12,grayscale_underexposure,3,12:1,10,0,d1f8f422fcb08c991a30c2cc0290f4df0c5954634fc681f8466a2452d4f6ebb2
6041,1,2,1,5,12,grayscale_underexposure,3,12:1,11,0,d3f936b8b3d70094afdd4de1e35c3eb069d80aa386332b1855f057d6a91148b0
6001,1,2,1,1,12,grayscale_underexposure,3,12:1,12,0,e0024ac4b945fde33fe425d5c422f3971161659f1ee75c36690eec5fd263f9b6
6071,1,2,2,3,12,grayscale_underexposure,3,12:1,13,0,e2ff57cc9de700695874a8325b5bb3f2c74941df322aa1a3e0cdb7901f7d6745
6091,1,2,2,5,12,grayscale_underexposure,3,12:1,14,0,eccf359ea1da05d52f9b0ac566863fa5594c7fa28d2970a8145fbb135dbdbaec
6121,1,2,3,3,12,grayscale_underexposure,3,12:1,15,0,ecedcdf4b34a8c01713ea9d790c1ec3b79cb9160c6b10826a54a8d9aa90d7e0e
6142,2,3,3,5,12,grayscale_underexposure,3,12:2,1,1,0a49836d364b6402fb0aa90b9348c5d79e88e0813ac600d58405703a1429e9c7
6062,2,3,2,2,12,grayscale_underexposure,3,12:2,2,1,381395e1d9ac237013bdd5bef7b1ededca12b39ca76a32129699a08c9b81e645
6002,2,3,1,1,12,grayscale_underexposure,3,12:2,3,1,399da8b6779fe1677e3f4d6dfa72980be0c73a4b3602834607ca094b904be03f
6132,2,3,3,4,12,grayscale_underexposure,3,12:2,4,0,3c4983009123bd9dd0a09b3b4354f401600530fa129de0671532ce0de94660c9
6022,2,3,1,3,12,grayscale_underexposure,3,12:2,5,0,59d70ac3678b083b296b5ba223e574c5c4bd1bbe8ae3adc02139a0dbb2059ec5
6012,2,3,1,2,12,grayscale_underexposure,3,12:2,6,0,60f5ed28357a274449e60c05772c9bebf34bcce1c30dcb370e5d57138db29410
6042,2,3,1,5,12,grayscale_underexposure,3,12:2,7,0,62699a084702a26dbb31f84fda00742bde854dfc6ef88b4936947e7f8bf4c52f
6092,2,3,2,5,12,grayscale_underexposure,3,12:2,8,0,76fb5703e6b0a31806ec2389f1c7f707d9981a3d8549458273f096cfe65b1681
6072,2,3,2,3,12,grayscale_underexposure,3,12:2,9,0,7c27d6d74ffb1fb03f766ef3a17b9b77f2041f2dd2ff1c979fdc1634dc4fbc76
6032,2,3,1,4,12,grayscale_underexposure,3,12:2,10,0,ac98ce4b01ab504ed7824886ecaffd6bc0d3ddd5721306da30c0cae05da5b43e
6082,2,3,2,4,12,grayscale_underexposure,3,12:2,11,0,baf744b53c9a8b192d595c9270a55d0ebeed8a09e1f28ba259d5ad4c00173083
6102,2,3,3,1,12,grayscale_underexposure,3,12:2,12,0,d36061acd2fb3bb07b7a4352662bf67cd88ff93352791a96d09136777f0035d7
6112,2,3,3,2,12,grayscale_underexposure,3,12:2,13,0,d7a4b2bcbd474f35e526f5550b65120230f2997a55a5ddbe025e18bcdf027552
6122,2,3,3,3,12,grayscale_underexposure,3,12:2,14,0,e57331e8b251adf4dfbde65fc17b69895921e64c26232fe851dfe4823f5c52e5
6052,2,3,2,1,12,grayscale_underexposure,3,12:2,15,0,efdc86fe73e377205d9e27566549873c297dc05d0dbe29e08d60734934095822
6103,3,4,3,1,12,grayscale_underexposure,3,12:3,1,1,12c4d9dde3a131d194ec79c942146436971d66a3eb85f47fde4c3e359bd8bf27
6123,3,4,3,3,12,grayscale_underexposure,3,12:3,2,1,175b86038c11252153384170addbb00851904a13a3ea659c659e14deb84da54d
6143,3,4,3,5,12,grayscale_underexposure,3,12:3,3,1,208000b727db457d4df90d1f122c0f7b390361208a5ee2639a2f4b38180d6ec4
6133,3,4,3,4,12,grayscale_underexposure,3,12:3,4,0,2904992cd4cfe7c257833254c54a4aea3e11b751d1939b1c7e34b5df312cfb7a
6083,3,4,2,4,12,grayscale_underexposure,3,12:3,5,0,5608200e414ca3bb2933f6455d211092215990b3af21c9ab7eb2335e8ee09e64
6073,3,4,2,3,12,grayscale_underexposure,3,12:3,6,0,5f2a695ec634826781178d3d231208b9abee709d3fbdff1945681fd9eebe6959
6043,3,4,1,5,12,grayscale_underexposure,3,12:3,7,0,6de4f738a6fd2260185043eebcee625fa3468ab7372f8e86d16b4f1db1bc6ab6
6053,3,4,2,1,12,grayscale_underexposure,3,12:3,8,0,73927baabd0232dae7aaf8c1580a1dd365faf2990b02c6e0aec6b594001af0aa
6003,3,4,1,1,12,grayscale_underexposure,3,12:3,9,0,81b657f6bfec204b677797e30845e8ee67d61bda01dd854258d86c49d47067fe
6093,3,4,2,5,12,grayscale_underexposure,3,12:3,10,0,87ddc65a62e8290ac137b8b4c186ddc245be60e683da9839562f29da10ff52f5
6063,3,4,2,2,12,grayscale_underexposure,3,12:3,11,0,ae899c1e49ceaf42a06ec35fd0d78a3e0f849cc802bda5956861f8a640302770
6023,3,4,1,3,12,grayscale_underexposure,3,12:3,12,0,c9b9b3c4b1d10b01be06278fdfb8dee01a7f3cb1efc5c9e02637a68c05c275a8
6013,3,4,1,2,12,grayscale_underexposure,3,12:3,13,0,cf9d80a577f0ca3830ef0409d00b560855bd3abb27655454b65e56e499fc3cc9
6033,3,4,1,4,12,grayscale_underexposure,3,12:3,14,0,f8e4233778c7a5ff0d9b211c092f1a809f1b9c9afc1229d80255a001e6510936
6113,3,4,3,2,12,grayscale_underexposure,3,12:3,15,0,fd31cc445800760a570236d36e4fbe1a6329a84cad53be7627e2bcbe311934d3
6104,4,5,3,1,12,grayscale_underexposure,3,12:4,1,1,059c977ba453b4a8411ef97b1cb80141392b7a26ed9fb782ffe275ebc560a41a
6014,4,5,1,2,12,grayscale_underexposure,3,12:4,2,1,0ec1587942f28b85fd150dee0aaf58aa1002ddb2599e3c761d05442f4a639382
6074,4,5,2,3,12,grayscale_underexposure,3,12:4,3,1,3401961b68e587c67a3ac620fa92fe065bd29ce44f5241a2b16f5b528175ccaf
6114,4,5,3,2,12,grayscale_underexposure,3,12:4,4,0,464fd4135a33ef113a789da957f373c2ec43d44a930027e2733f3288f3f9196d
6064,4,5,2,2,12,grayscale_underexposure,3,12:4,5,0,4fd2ba3b8e44b9ce0daf17102590be4a079953c3ca1694687a716410ebec3bee
6124,4,5,3,3,12,grayscale_underexposure,3,12:4,6,0,6455f10bb64be14f1b1eb0f0ec1436e70fa53072a5094597ab74cf41b4879f9e
6004,4,5,1,1,12,grayscale_underexposure,3,12:4,7,0,704635c8ecc7a1cc26e52190bc9121755ec137e56618c613944806886b683eb2
6034,4,5,1,4,12,grayscale_underexposure,3,12:4,8,0,73d13e2b244b50b7baf6dc6a54e97bde70a5a47515e0b8fc685c9940a212e580
6094,4,5,2,5,12,grayscale_underexposure,3,12:4,9,0,8298859c81e0ea87984ca94dc50e43198f9ef7d60ad2665dba7419efa94eb863
6134,4,5,3,4,12,grayscale_underexposure,3,12:4,10,0,9a0a96a92f723ab8cfc8018cad66347a837319e0161ffec09da37a4adb683c02
6044,4,5,1,5,12,grayscale_underexposure,3,12:4,11,0,ad6d9c6457e2bd5c7e70718ff7ecfd12da57c9a4e4db50aaf1d3fbb56ad54a47
6144,4,5,3,5,12,grayscale_underexposure,3,12:4,12,0,b2241c39583188ae463d36c4767fefd74b2fc30efecd6e040fef5fbf36e0e53a
6084,4,5,2,4,12,grayscale_underexposure,3,12:4,13,0,bf02db39d74b520bc420f2497cd85a1a21d4e6fff623514734d9683b0c52d987
6054,4,5,2,1,12,grayscale_underexposure,3,12:4,14,0,f99cc384a0e8188599396074c6d4b6306a26c4ba2df9f18abb708635bc872089
6024,4,5,1,3,12,grayscale_underexposure,3,12:4,15,0,faee89de3658f6a43f40080432fdb5d20758a6dc915e0d0a2cb69d0523786a50
6005,5,6,1,1,12,grayscale_underexposure,3,12:5,1,1,15ae4b6fff8b31475bb8f08a93fb1eee754c5eafd57c4efbac9ff9cae44a50ed
6035,5,6,1,4,12,grayscale_underexposure,3,12:5,2,1,1b96177fb460c7999ad77a0fa2bb17d62b0ecfd19ca7de40e19e4f4c216eb210
6145,5,6,3,5,12,grayscale_underexposure,3,12:5,3,1,25ac1a6524f813c62ebc9b988b7aea4e70d48c181814bcaaa873f7b08dcaa825
6105,5,6,3,1,12,grayscale_underexposure,3,12:5,4,0,25b8d5880d2b197e9987943f74062e2b1ed4e4205036aa1951fb4816f2b18efb
6095,5,6,2,5,12,grayscale_underexposure,3,12:5,5,0,2d88cfaa5a0563654cb00f7908992585ef217c9b1e46021aac958179bf031dc5
6025,5,6,1,3,12,grayscale_underexposure,3,12:5,6,0,303f5d148b399b2a6f198e0e788ea3a40cc09de91298bd8cc770209aa563a764
6055,5,6,2,1,12,grayscale_underexposure,3,12:5,7,0,3bc2d6661f2662cdfa98efcf6c0453841393374f24707ee2c7af7692862dab72
6015,5,6,1,2,12,grayscale_underexposure,3,12:5,8,0,54f266908cea189f06a072e7bd425a98097c19850613b851d01da15f1b520779
6075,5,6,2,3,12,grayscale_underexposure,3,12:5,9,0,571f4732e57dd0e8fa92d117317df504b94f680fb28bdea91ddf698c3ee723d5
6065,5,6,2,2,12,grayscale_underexposure,3,12:5,10,0,91d039abb03bf60ee7bd3c2b36fbcffdf55cc982bbe03e8ead0e8d6754d485a9
6085,5,6,2,4,12,grayscale_underexposure,3,12:5,11,0,acc671203d2756f11bd9cd584818d0bccaed793ee1cf7a6b678fd41e4e8fbcab
6125,5,6,3,3,12,grayscale_underexposure,3,12:5,12,0,b383f6c5b138ac67bb0c5365e44d1486b885f2e270dcc37443deefffeac42578
6135,5,6,3,4,12,grayscale_underexposure,3,12:5,13,0,c89a5eddb5ce6d971a84e3ba66bc935a0872ef276bd46289093e9f27bfe02da8
6115,5,6,3,2,12,grayscale_underexposure,3,12:5,14,0,d9fc307b46aa9c1aeb39ab72f005a662705028e8730ee39a720f33a17c7ba7cb
6045,5,6,1,5,12,grayscale_underexposure,3,12:5,15,0,f94844aec047ffc44f46b2b462524fc53cc9f0480279bd5055e99ae3d8f74668
6146,6,7,3,5,12,grayscale_underexposure,3,12:6,1,1,1096607e98111f2b4347acbe2432e2b00e3746cc6989076cc71b8be44ad01d21
6006,6,7,1,1,12,grayscale_underexposure,3,12:6,2,1,1274318faf3b88111752e51452148ca96410bb4d1e2f0d67db9d90a652eb37a7
6136,6,7,3,4,12,grayscale_underexposure,3,12:6,3,1,5b2166bda6cca4917316f0b4665c1d30e09dd425cc3ec0e816a9e15fd26e51f3
6086,6,7,2,4,12,grayscale_underexposure,3,12:6,4,0,65c79367a0da24a3140b4a925e6295389bd35a1cc95e75502c04d84659f93fa3
6016,6,7,1,2,12,grayscale_underexposure,3,12:6,5,0,77c6f112d9e7db27261435b2b43d3b2cbd36f5eb0a1cd54dbbbfc8e48e256885
6066,6,7,2,2,12,grayscale_underexposure,3,12:6,6,0,78b367b1ef0476072f1ee4d66b6c012b2024d535da25b092c0f34f0df4e55b21
6026,6,7,1,3,12,grayscale_underexposure,3,12:6,7,0,7d25fb75603a7a21aa18f9c4099595d42a7c369c6fd6ceafeecdcbcb18641d28
6046,6,7,1,5,12,grayscale_underexposure,3,12:6,8,0,8618e18b50ab15fe0320e41a6d89885d6f73958a445c162852c3bfc91b0e685e
6056,6,7,2,1,12,grayscale_underexposure,3,12:6,9,0,b2b756a6b2086e26e680ac6ef6eb481f05f65b09871a9c41e09e64818f871328
6126,6,7,3,3,12,grayscale_underexposure,3,12:6,10,0,b5897015a65d54ab6ed9067aa6aed101665f42f3679154fc74555a837ce38bf8
6076,6,7,2,3,12,grayscale_underexposure,3,12:6,11,0,d9c81a2fb4d2441e3ab8dfdacdb1692e3d73313c5417e8d61818155b6e717c99
6036,6,7,1,4,12,grayscale_underexposure,3,12:6,12,0,de6e178cd498ada4be0befa0cddedccc7c14d64121c00f291544d40f1db7bcfb
6116,6,7,3,2,12,grayscale_underexposure,3,12:6,13,0,ea2311bcfb199e56f9fdfef8dc83e5214987365c5904406f6eed9a74198b1447
6096,6,7,2,5,12,grayscale_underexposure,3,12:6,14,0,f2bcf9f35dcf90620fafbdd6ec0cf4fe7b32c7873dba00676bd162fe0c2ef44a
6106,6,7,3,1,12,grayscale_underexposure,3,12:6,15,0,fea4b97f25c96c28a72702cee72eb2e23468956c97b35a1f4c2f11aeabb5bc7a
6007,7,8,1,1,12,grayscale_underexposure,3,12:7,1,1,1244836b4becfd992ea1f12069ba03681227612facf273701e0db1490bd1383f
6067,7,8,2,2,12,grayscale_underexposure,3,12:7,2,1,1d541cee02e3e86697b8cdec54a8c594f7e4e01ce5f80a1e44e4b41cd54aa312
6057,7,8,2,1,12,grayscale_underexposure,3,12:7,3,1,2aa570a8501c0523b3607f4bca3bae796d3c756fa42db1f099b7fa1fdd2fcd41
6087,7,8,2,4,12,grayscale_underexposure,3,12:7,4,0,4c0bc5b6380583990ff075c37734dc2527a74c7cd67119eb8373cd0b1e508cbc
6127,7,8,3,3,12,grayscale_underexposure,3,12:7,5,0,4cfa4bcdafe1b5a9ba2ba15535e6845737c7466af3256c4f6343dcb357570f9e
6037,7,8,1,4,12,grayscale_underexposure,3,12:7,6,0,5cb31a51c3a775987453bb57eda5319122bf12fbef5605c20b491d259ebeeeb0
6137,7,8,3,4,12,grayscale_underexposure,3,12:7,7,0,6585593fe470d679668b5914f77abf407e484d924a821f33b46e68c66b914013
6097,7,8,2,5,12,grayscale_underexposure,3,12:7,8,0,720660e5aad55eb7ba301ba05cc0b2bfa6ffea2c4909d71a13d68163d2435df4
6027,7,8,1,3,12,grayscale_underexposure,3,12:7,9,0,89359d2ea984258e37b88e105c2b6f2136778624afc2251aee441349577932da
6117,7,8,3,2,12,grayscale_underexposure,3,12:7,10,0,8adb04c149617b5c788834b0e70271f3f923e55b75ff97baedb60f131bf00b2c
6147,7,8,3,5,12,grayscale_underexposure,3,12:7,11,0,9106d7a2b901b4cf4c7517bf2d1b01b857d2cea2b992106f29b6deab403bd3fc
6047,7,8,1,5,12,grayscale_underexposure,3,12:7,12,0,9579ffc52d84d031a7b30be7a2f605055af81499f19b8d38b46ab5e542969f06
6077,7,8,2,3,12,grayscale_underexposure,3,12:7,13,0,a25b44212d647d2397e3395f52f6e2bee759b476947b0118cf0ce4817dcada6c
6107,7,8,3,1,12,grayscale_underexposure,3,12:7,14,0,aa80eef954faede4bc4fe77211d353d1c26d021eb66d14c368dceea9df66fc7c
6017,7,8,1,2,12,grayscale_underexposure,3,12:7,15,0,ce7630313f8b100e7ac8b884831d415fe5e3a1dc509d4ae44134175b79c56161
6118,8,9,3,2,12,grayscale_underexposure,3,12:8,1,1,0c00f9bb8fad09b45c3f37ec709e662311882ac0d4837849c35b8f5f5d6945ba
6058,8,9,2,1,12,grayscale_underexposure,3,12:8,2,1,197fa5eb3872efe74dd31746d62088f3aa0e71ce99e2a24cb5862802a4d5f2f2
6098,8,9,2,5,12,grayscale_underexposure,3,12:8,3,1,43c35ffc3532ce4501296c3338b57465851c5860f5ae9a79367d446e29c623e0
6078,8,9,2,3,12,grayscale_underexposure,3,12:8,4,0,4a402a4ecfd3052d1718cf2ff3f3e7df1e66e6f5a6104af86ce1f32a0b252613
6128,8,9,3,3,12,grayscale_underexposure,3,12:8,5,0,4fa56792e35e01d71960fd9101fa054dc6b1fa6d052ff8f8c5c2666c07f45b17
6108,8,9,3,1,12,grayscale_underexposure,3,12:8,6,0,6679d8a9bd79eece76aa2679f128811f03d00f1c8fed209e6a50187372c0447e
6018,8,9,1,2,12,grayscale_underexposure,3,12:8,7,0,8b069ab5ecd04c65deac21f8ca85300d9f9f614ca4cecac9f25867fb8aaccb01
6088,8,9,2,4,12,grayscale_underexposure,3,12:8,8,0,acde0333f5c013c77cd11b998f49df9f760015ae2bf9f2afbfed0bee8fbb8dde
6028,8,9,1,3,12,grayscale_underexposure,3,12:8,9,0,b98aa5559f6d3c7efca90239aa70d8de852c425694b2bfe10ff43c52aa490141
6138,8,9,3,4,12,grayscale_underexposure,3,12:8,10,0,b9a6369e372f9cbd02585f764d0193e94c4d2adee256e8ccd5428f49a413e0db
6008,8,9,1,1,12,grayscale_underexposure,3,12:8,11,0,c42ca13bff7910e790da898f2d19991bdc2522f21f187d54a982e992698374d8
6048,8,9,1,5,12,grayscale_underexposure,3,12:8,12,0,cfda2f43ce50b72424120cd61830af9be2924db46aa2adcfa3da71c916a9181a
6148,8,9,3,5,12,grayscale_underexposure,3,12:8,13,0,d7b30837ecb9846efcc8464a1ac58c4c9d6b72e1042ca5cd0e8e2211b8982b00
6068,8,9,2,2,12,grayscale_underexposure,3,12:8,14,0,dc156de538d81f6e42e4944cb1cc60e35fbca5b494f5bf40a5b3c61ad12f255c
6038,8,9,1,4,12,grayscale_underexposure,3,12:8,15,0,e519af019b3986b3cd961a7c528ea5743614490431ec27ee4ec528085718e504
6129,9,10,3,3,12,grayscale_underexposure,3,12:9,1,1,13204454b4d3c2800d1ccc32fba4def8db539fe86033c77647be90c4273f967e
6039,9,10,1,4,12,grayscale_underexposure,3,12:9,2,1,31291b6f2cf8d7006bb9be69dea35069f91da7c07b0054f8e13fe821edf922d5
6019,9,10,1,2,12,grayscale_underexposure,3,12:9,3,1,3194c05b04f948848ef9b5a83d5f816a7482213cbc4e0f0a120db11c97237c22
6049,9,10,1,5,12,grayscale_underexposure,3,12:9,4,0,34de78f23665b216edfb43ef95d5dd530c685e8ea5be3f64e2af027d67bbca2b
6139,9,10,3,4,12,grayscale_underexposure,3,12:9,5,0,5a0b571acbbaeec99ce0d3a1345bb8395d618bc5923691a22adfc384f9c6fdb9
6099,9,10,2,5,12,grayscale_underexposure,3,12:9,6,0,5cacc206cf7f4ee090f1285ff52b2be6853ffebc5915d095ac104c5ab45045dd
6149,9,10,3,5,12,grayscale_underexposure,3,12:9,7,0,5d7f9bcfbb7fe70ec7c44491ddb8544b59c47e9a2f86e439cdf12ffe71ee20c0
6089,9,10,2,4,12,grayscale_underexposure,3,12:9,8,0,6d184a24e508caf604162f0ce13db2bcc080fac585fc814dc9560f0bae085c2f
6079,9,10,2,3,12,grayscale_underexposure,3,12:9,9,0,740aa1601573a42c4d3e358a2aadaaae12c8a30bd214abfdcd726d130f021150
6109,9,10,3,1,12,grayscale_underexposure,3,12:9,10,0,7e32f06d7a455eb90c1e7added6ffce46716efbfb380c12e834af73fa8752520
6059,9,10,2,1,12,grayscale_underexposure,3,12:9,11,0,8bfdd7145de2906fe07e4a15cfe8799f63ca7d6aa67f757b264ac3beb6f6b79b
6009,9,10,1,1,12,grayscale_underexposure,3,12:9,12,0,bba152cb7604499867439628df82cd7df4cc166d91786444bff591f1127438e8
6029,9,10,1,3,12,grayscale_underexposure,3,12:9,13,0,de5b09cdb2e542ec49e7d26c105ca1e961553b7613099605ec16e56f50ddc85b
6119,9,10,3,2,12,grayscale_underexposure,3,12:9,14,0,ed21b8a9fab1e0ec56f5873ac7ea28169897ea1215ae773e1af66d274a0f4ac6
6069,9,10,2,2,12,grayscale_underexposure,3,12:9,15,0,eeecb2a9eb4be149d1604344ea20d711a15e2f4483e1761fd2be5a8c59b5c7eb
6600,0,1,1,1,13,grayscale_overexposure,3,13:0,1,1,15caf0b01cbb8528a3c530592035e5faf7f8068d793a8f0caed3867e8a79d4e2
6700,0,1,3,1,13,grayscale_overexposure,3,13:0,2,1,1fb335c7f9be30c4c1b0369d33bfab297fe6842e583b18aad1dba2f5d602c69c
6690,0,1,2,5,13,grayscale_overexposure,3,13:0,3,1,4dd2f05f6f35567e9020ac4af8e6a79445ba11a1d3769c0b4464b1b14ae96725
6710,0,1,3,2,13,grayscale_overexposure,3,13:0,4,0,57907913f51b5fe81527c91cdfe8ff8b88f35ef363a526da89b71c5da6fc0fb1
6650,0,1,2,1,13,grayscale_overexposure,3,13:0,5,0,8b2acc50a1940732218dd2fd34860cd3471656541f79b258023a04dfeef070ce
6680,0,1,2,4,13,grayscale_overexposure,3,13:0,6,0,93130046f6fd7b0590b5d802072328766dc784df30cf295f6e5665eed6b5b4c5
6640,0,1,1,5,13,grayscale_overexposure,3,13:0,7,0,94ec33cdce1356c7e0d2eeb2f08304b74c9376c750eb43f3c5e14c810f3cfdd6
6670,0,1,2,3,13,grayscale_overexposure,3,13:0,8,0,b410701e4ce4a02d5768cc0437190c4a86221e8310866c6bb1af2fd221c17037
6730,0,1,3,4,13,grayscale_overexposure,3,13:0,9,0,b991d97a1c46f3c2097f1bed0b1773e85f6eef3ebc7ba4e992758a4a038c5726
6620,0,1,1,3,13,grayscale_overexposure,3,13:0,10,0,c271c6ce8a98a4431de7fc3448653e85dbce85e05c011ae7865d6841d813775b
6720,0,1,3,3,13,grayscale_overexposure,3,13:0,11,0,c441e5dd1a6b09dfde7e736d452ba5dde993031ae189a390f3dfb7d5f60ec065
6740,0,1,3,5,13,grayscale_overexposure,3,13:0,12,0,d8d463c159c0d7fa7f53d3152915b629a2781c9fc9c207f2627fa91613df228d
6630,0,1,1,4,13,grayscale_overexposure,3,13:0,13,0,dab55604b1e36c67bcf0039af091fa64b138ccd25906a77afb41e73a33572666
6610,0,1,1,2,13,grayscale_overexposure,3,13:0,14,0,e45e653fd1b58eaa3a67351d540417b7407af53058706254a327e8a7d0ffdeff
6660,0,1,2,2,13,grayscale_overexposure,3,13:0,15,0,e6384668be47dfd05be474a9c3f570fc1a9eba2ad03a9b2c70a01d85307a208d
6691,1,2,2,5,13,grayscale_overexposure,3,13:1,1,1,02532a76f78e308e7a445835875d050dae993cfd91d223eea9002aea1b15b02c
6741,1,2,3,5,13,grayscale_overexposure,3,13:1,2,1,423ac6321f3a3fb65ddfe84ce7b6f700e34502dd9f676647598a39ab2bd694e5
6661,1,2,2,2,13,grayscale_overexposure,3,13:1,3,1,47567a48fe2497e13c957d41e8315c2f81819bd484dedaa29e4c86f66305fa70
6621,1,2,1,3,13,grayscale_overexposure,3,13:1,4,0,4e2cfc17bd1d40a600bf1ddfa58f5aefa370f7ba4abaf6a2794e3e18c7189d09
6641,1,2,1,5,13,grayscale_overexposure,3,13:1,5,0,539fdf339e70bc688e2012119585f79fafced9204f182706340f77771bb9f445
6701,1,2,3,1,13,grayscale_overexposure,3,13:1,6,0,6283a6ae5408562e3a598856c4cb00a444bb780fb30a56f831c849b520a1da94
6651,1,2,2,1,13,grayscale_overexposure,3,13:1,7,0,754e27c2147be7352281741d282e76cb835180987fa78b5ba26e90636ef74d2e
6731,1,2,3,4,13,grayscale_overexposure,3,13:1,8,0,802374f12a06f13c9f962e53ad6fc2917e9dc901a4dad82249e6b865b97e4915
6711,1,2,3,2,13,grayscale_overexposure,3,13:1,9,0,9e3cd49c27a4cb562e77c22462c2b18044c2aebd48b7040f82ffc7480d1ef272
6721,1,2,3,3,13,grayscale_overexposure,3,13:1,10,0,a145cc47b0fdeef7a33b6300e64fa5b3997dae3e2e4f84ac2545c3cc6ba3864d
6681,1,2,2,4,13,grayscale_overexposure,3,13:1,11,0,a4d2b194b8a8c229c8d11ce0555a58920d7fd2bb2d58815a98235e61f5f4628e
6611,1,2,1,2,13,grayscale_overexposure,3,13:1,12,0,b13471b0103d6068a94f9da84f69c5024353cefe4de16721e1187036f285215c
6601,1,2,1,1,13,grayscale_overexposure,3,13:1,13,0,cd8d7fed428acc911243db91fa3c698c99c54d3e8b9da6ce72731db1bf27bf83
6631,1,2,1,4,13,grayscale_overexposure,3,13:1,14,0,e36ad853598b70c3f34d6aec5d7f053dbb99987b38d45731b3beca2d5135cbb4
6671,1,2,2,3,13,grayscale_overexposure,3,13:1,15,0,fb4f816fdb6581976c359e7e31bf467eac485620359ac6917aa35431802a174e
6622,2,3,1,3,13,grayscale_overexposure,3,13:2,1,1,0e7dd2dde8f394496d073bd4de704b2885d3d718169bbb50ae74e22ca2e960c7
6712,2,3,3,2,13,grayscale_overexposure,3,13:2,2,1,26ff961e7b3133724a66e6f90e2f32ccc34f2bd827b3ee1192651e8d0f06d45a
6652,2,3,2,1,13,grayscale_overexposure,3,13:2,3,1,3aec87bf9cc462a3e5d7024d41428f4311710d6c0758291cebd431f0c02acb42
6672,2,3,2,3,13,grayscale_overexposure,3,13:2,4,0,4ab102040fe9f90d1ba7fb780f95280491ada2a38d40f085092f19668cb77ad6
6642,2,3,1,5,13,grayscale_overexposure,3,13:2,5,0,61ec4eedb33df4c9f12002a7b2be719a0f36e1ac985b6b1f1e14ad3751d9e5a2
6632,2,3,1,4,13,grayscale_overexposure,3,13:2,6,0,65be1ae5428ac30447d22ef46ce441c64e4f3f11b813f075d7113dfa56591076
6702,2,3,3,1,13,grayscale_overexposure,3,13:2,7,0,6e1330a935de56b2d1cbea16a80fa8c4f6d39ee71dd004e9ce4d9dbd277609c7
6682,2,3,2,4,13,grayscale_overexposure,3,13:2,8,0,8aa1f1df27a5c223123f0451e6a84b382ca21382bc9f687c2d5b69cca6d2c454
6722,2,3,3,3,13,grayscale_overexposure,3,13:2,9,0,937a3df117a8df5f8caa9170cdcbc622912e37f35d3bd77b08bd8bbad9cc6c59
6612,2,3,1,2,13,grayscale_overexposure,3,13:2,10,0,993eb73ce4fbd73f257e9ae171e2d0ea27e9d1ea34a3f9392c0a9a619d09368a
6692,2,3,2,5,13,grayscale_overexposure,3,13:2,11,0,b95951d8243bff277afc68a72a4607e4789594c300c688124234848498016fd4
6742,2,3,3,5,13,grayscale_overexposure,3,13:2,12,0,be1906b47bb8660e0a4b407d3d8a1359c1a742a90482b31ad93dbcc518bde89c
6602,2,3,1,1,13,grayscale_overexposure,3,13:2,13,0,ca0510e1c072930bed389f9510e67a8d8d3e208a7d3a3bf27333712e0d854829
6662,2,3,2,2,13,grayscale_overexposure,3,13:2,14,0,d9f0bbb4f42933cebe1f42532ea011414af6038b2880f7783b921d3eed842148
6732,2,3,3,4,13,grayscale_overexposure,3,13:2,15,0,e63c7085e07e4cf089317e2cf984118bd1253ca195443fff7ce16ed7eee1f321
6743,3,4,3,5,13,grayscale_overexposure,3,13:3,1,1,031826ff120d817608ec6b708c348135e83d6f13516aed9ff69cdbeda3bd335a
6713,3,4,3,2,13,grayscale_overexposure,3,13:3,2,1,224e59f1bbc669ca253f35b8cbf1858989b8e27c0b4d74dab911f916abdf813d
6663,3,4,2,2,13,grayscale_overexposure,3,13:3,3,1,25fcf45a73bab5d71cc4e94368e1941b7d35baa687e766cafdd10feae3b4961a
6703,3,4,3,1,13,grayscale_overexposure,3,13:3,4,0,42c43c5ef12c5cf9b0485cfa57d8dd743dba6e42a3103f42ea73661eda0eeadc
6683,3,4,2,4,13,grayscale_overexposure,3,13:3,5,0,4806c23629cb577fa34725d2f673efdf9a912c1f6e49f03a000a8c864c7e7b49
6613,3,4,1,2,13,grayscale_overexposure,3,13:3,6,0,4c30c1fbe6783b8c478002e972385d07543a31425839f2737750c774cb6de1bd
6723,3,4,3,3,13,grayscale_overexposure,3,13:3,7,0,66349373d6eddf656b17c21fb1fa8f94a266710163e7276be234bd2c20acdc87
6643,3,4,1,5,13,grayscale_overexposure,3,13:3,8,0,6a1547028853198595dfc517f8d64cea2dfd8416d66399c31ceda9b7fe018a43
6633,3,4,1,4,13,grayscale_overexposure,3,13:3,9,0,7f8dc47197319152dd42491e081503ee645575a480e962589e450527bf4f3f53
6603,3,4,1,1,13,grayscale_overexposure,3,13:3,10,0,7fd735c157da0fdfd0a5f194ba478a3aa85b6eda2321f317011b517af949c484
6733,3,4,3,4,13,grayscale_overexposure,3,13:3,11,0,93ad88481bbe8374221c54c009093cfa8b04ad6008a51a8959628ddcf98a6238
6623,3,4,1,3,13,grayscale_overexposure,3,13:3,12,0,9c6abc066846f8591b5557e6fd0303b45fcb44eef559e6539d694c10252f205d
6673,3,4,2,3,13,grayscale_overexposure,3,13:3,13,0,afd063922e9c8b604f79f136be7d54b915daec17f814161e001e89cc8e216b8f
6653,3,4,2,1,13,grayscale_overexposure,3,13:3,14,0,d9dcfe4c035cf2681b10d36aa404566a083c18bf9f26e5a65f9517654e9fe613
6693,3,4,2,5,13,grayscale_overexposure,3,13:3,15,0,fad4a275322d765afbe705a69322e4cd33463b5166140fa02880c54688bb2c08
6734,4,5,3,4,13,grayscale_overexposure,3,13:4,1,1,06b2f96eded51eab811ee926ee8b4296e6067e6a872869390188a1e1d9b3b89e
6634,4,5,1,4,13,grayscale_overexposure,3,13:4,2,1,352c4ecffb0daf655136f5349b3e37134547a1520a2d2841e93ec9aaa87bc5ba
6674,4,5,2,3,13,grayscale_overexposure,3,13:4,3,1,3d62118bdae6cb15757657f8a209788e5a4804051999b57644f6bccb818fecbd
6654,4,5,2,1,13,grayscale_overexposure,3,13:4,4,0,41f894cbb2d1f0ddd0e092fbef2785d55a669c87397674904dd893e24ad6fc2f
6614,4,5,1,2,13,grayscale_overexposure,3,13:4,5,0,467b254b037f60e1c52d04ab96850887f153056f76eab4d1879df90af1072b4d
6684,4,5,2,4,13,grayscale_overexposure,3,13:4,6,0,6612e6845b1930e960e0b4d6a7c469c39cf56ef7147e7c0fb799b03de7d38b0b
6604,4,5,1,1,13,grayscale_overexposure,3,13:4,7,0,7f1f6c89ff52bd0c66a8190028c61c783b556d832b40cfcb8a7109f177469a6e
6624,4,5,1,3,13,grayscale_overexposure,3,13:4,8,0,882095bfa8da39377eeebc088997f4adba55b4794a2478cbc6ad0c0c83f42621
6664,4,5,2,2,13,grayscale_overexposure,3,13:4,9,0,9a476eeeccabbc8a7ee73ed37d284801e4afd69a1d5015eeaf1d03bf0297edc2
6744,4,5,3,5,13,grayscale_overexposure,3,13:4,10,0,9f062bfe6e74fdb2bcd70838000d15dd44e3449e99356b2e35ec521a15b87f04
6694,4,5,2,5,13,grayscale_overexposure,3,13:4,11,0,9f73830ea034b5e7eb7a24e5f737e8abec59cabc01efd662ad7b3c61b602d97c
6644,4,5,1,5,13,grayscale_overexposure,3,13:4,12,0,acac9f478084ebea98e2b96ac8b86c69fa8724203761d3aa2636a26642ef39af
6724,4,5,3,3,13,grayscale_overexposure,3,13:4,13,0,b3c5548c35fa84dde07dda122afdef781d6a9e7ab0d57f473a97cc44dadbfce3
6704,4,5,3,1,13,grayscale_overexposure,3,13:4,14,0,c3e8672376191da8ad18e138d54c945f3be86e546b40b9a99083c44869f7febe
6714,4,5,3,2,13,grayscale_overexposure,3,13:4,15,0,d151057dc2ebe44631cbd14a413f2fd44234b657f8cd6ad5e09b0ae461d239e8
6625,5,6,1,3,13,grayscale_overexposure,3,13:5,1,1,11d45c200334adfbb8b810c3bc8c9c400be733f17ed393507b1329ceeda7edeb
6645,5,6,1,5,13,grayscale_overexposure,3,13:5,2,1,1b719ccc49d19d36c8156e54eaae600ef64ed9a46857f8a53af028db579e17bd
6725,5,6,3,3,13,grayscale_overexposure,3,13:5,3,1,31b8c64c7d37fe31d759a3311f12dc3d73a615171efbd344dbadde0483d0b824
6685,5,6,2,4,13,grayscale_overexposure,3,13:5,4,0,3ed49f39f4d0231b4be28788487ee3098865158a938d2efcd841246655cfd860
6735,5,6,3,4,13,grayscale_overexposure,3,13:5,5,0,443235d34376b7de56ae17e9ba902dc92589aecd053f29c37f9e0b8d9ee9b5b0
6605,5,6,1,1,13,grayscale_overexposure,3,13:5,6,0,79f5603fb65fef9f612a6f8c46ed01ee21896c97c7b4293771ada8567c2e6b44
6655,5,6,2,1,13,grayscale_overexposure,3,13:5,7,0,97a3cce7b387899059a03441fc772ce9935da91d75cde1dc9dfcd7ddc160769f
6675,5,6,2,3,13,grayscale_overexposure,3,13:5,8,0,a17e67b39e0e744b180895a0417d2bcedd7ad42fb23fbb2a70e57adf62906a11
6635,5,6,1,4,13,grayscale_overexposure,3,13:5,9,0,b0bb1e5bf6f2c58f4af928ab278312be370add46d194d23b53466c7c13cdc0cd
6745,5,6,3,5,13,grayscale_overexposure,3,13:5,10,0,b314f31ec035b2292821f509775d2ef7319edc96d130dabcc2c01f1647d98686
6705,5,6,3,1,13,grayscale_overexposure,3,13:5,11,0,d25ef272938c427e2e24f987249b028f3df2c7421afc1bfb13fb180f322bd030
6715,5,6,3,2,13,grayscale_overexposure,3,13:5,12,0,e0490319f60cf8a0cb4850a6842836d34eb776e19c2eddd2a52c15a71c009e89
6665,5,6,2,2,13,grayscale_overexposure,3,13:5,13,0,e5dc589a3a6dd8813270ea88d883e01d74ffe3ca0977aeaeae2445612c282a3d
6615,5,6,1,2,13,grayscale_overexposure,3,13:5,14,0,e8df983f3286c64b6d27ecab69f33e02381c4e50de32cb9ab0dfd1bc99f74881
6695,5,6,2,5,13,grayscale_overexposure,3,13:5,15,0,ff073c380410bc835f27b03f646b413e9acae16538d06cf6f8ed82a4c2a7f27c
6666,6,7,2,2,13,grayscale_overexposure,3,13:6,1,1,03d2cbfe143d405479b9dbb97d16a2fdc45afdb6dcf52dc5563cf22accee06ba
6746,6,7,3,5,13,grayscale_overexposure,3,13:6,2,1,0e22407652c8ba2e4de5d97b30f2014e4de49a9ef864be9061e43ca2aafe7ea1
6606,6,7,1,1,13,grayscale_overexposure,3,13:6,3,1,202f1fa598da1671c4b1fef019b0ec252d690b86fbbc150c9bffeebac8d1c794
6726,6,7,3,3,13,grayscale_overexposure,3,13:6,4,0,24f536b338ef23678884d4f33dcf864b823d1a2cc2c1f5a65fd702728cee013f
6616,6,7,1,2,13,grayscale_overexposure,3,13:6,5,0,437a3fa1ef708f728ee75ac2f429210430e9e2ca98afc4269db89c120fcfc938
6626,6,7,1,3,13,grayscale_overexposure,3,13:6,6,0,48162e79012c1f5e32572c9b70211bee26be975ebc6c851809934ad5f6bea2f9
6676,6,7,2,3,13,grayscale_overexposure,3,13:6,7,0,7da14766f4f7771e4d761407c5f107c4a539b5ea8fcdac1336af26a83eb8be0e
6646,6,7,1,5,13,grayscale_overexposure,3,13:6,8,0,b1acc26def3529ca60abd7215cb904098f7323006f8971cce2734f644bb13361
6706,6,7,3,1,13,grayscale_overexposure,3,13:6,9,0,b8d42db0c6b3a3c7fc964c86cc76453f3a42809656da6bf8550ad60e0f1d40e4
6696,6,7,2,5,13,grayscale_overexposure,3,13:6,10,0,ba0378ef7f13e33f804fd6a4baf0d33772ba84a4a95149c0398510066cb694a6
6686,6,7,2,4,13,grayscale_overexposure,3,13:6,11,0,bda0a8e268bb239774fd62ff5f1cfa67e47a14cf3f47cb8428252224e41f26e6
6736,6,7,3,4,13,grayscale_overexposure,3,13:6,12,0,c7599afa0f2b0e3d1b27930cb5aa924e2eb8ffc75cd4714ad6cacf6b1d50a4b5
6716,6,7,3,2,13,grayscale_overexposure,3,13:6,13,0,d95821c3e32e2f13272f3ea15cd8b2eaec7e1d25968bb4ab2890e199a2a16e53
6656,6,7,2,1,13,grayscale_overexposure,3,13:6,14,0,fa53ceda2de3cfe040895de959fe4363e6f484630f295837545076cb87e1710f
6636,6,7,1,4,13,grayscale_overexposure,3,13:6,15,0,fadda0a1f08bdeb3e7e45f192a2ec13c8e21ca1d6d8bbdd3ce875f64593c74e1
6697,7,8,2,5,13,grayscale_overexposure,3,13:7,1,1,0995c6bc09c2b16781df8ab56b1ee1d808e66d5c7090d60faddbdbd528cd0577
6617,7,8,1,2,13,grayscale_overexposure,3,13:7,2,1,1f02e04ecb96383e40bf589116578867d5bd8dd0ae914deb47498dddb30140bb
6717,7,8,3,2,13,grayscale_overexposure,3,13:7,3,1,3e8fc341fe206d92ec695a1c3de2f331438e1919a3b08a43cd38f189b9dddbeb
6637,7,8,1,4,13,grayscale_overexposure,3,13:7,4,0,59b62d522565533cc3e6beaac0d3f102f80e8bf2cc712c44b18f91004f10e1d7
6627,7,8,1,3,13,grayscale_overexposure,3,13:7,5,0,69e991ac4dd018520bba5afb9144faf7380e8d3d7f896d21970aef94167b7b6c
6657,7,8,2,1,13,grayscale_overexposure,3,13:7,6,0,800b964fd0e6128ea3d6cc370f08083d702da8c2e0a7f9572e316d470f0c57ab
6667,7,8,2,2,13,grayscale_overexposure,3,13:7,7,0,865c07059e58c442f581b803ad4c848c304657835366a042f12aef30dd991e4e
6737,7,8,3,4,13,grayscale_overexposure,3,13:7,8,0,894de7c8a45a8a384d8dadeb6c3c9175a4589890f48af8cb558d90eae2e02a0d
6607,7,8,1,1,13,grayscale_overexposure,3,13:7,9,0,93a47f260ee614c76977c07ca18c8e5bb0f395cb7e2c62f8f1125c3cf665164e
6707,7,8,3,1,13,grayscale_overexposure,3,13:7,10,0,93d21fd77890fc00eae79dff580849872f5a369b3fb45ca03ec395285490a0fa
6727,7,8,3,3,13,grayscale_overexposure,3,13:7,11,0,9e0901a3af1beb7d7b21bc867e0930bcc555138233193a70a0ffaefc5dba2348
6747,7,8,3,5,13,grayscale_overexposure,3,13:7,12,0,a30f4881f0dc5ebc4130e4159f7a99b62d2afd089784ea682ac4248046231496
6687,7,8,2,4,13,grayscale_overexposure,3,13:7,13,0,bec5e1bd5204502027c126645a8697e1a7898944962a54bb4d44a7e3caef85c3
6677,7,8,2,3,13,grayscale_overexposure,3,13:7,14,0,c7b4d22f519f576d56a2b682ca6008f2bd9cea93c2c90a5fa6d1aecce62a21c8
6647,7,8,1,5,13,grayscale_overexposure,3,13:7,15,0,cdade5b2ef374086fb384877b2edaeb4561850d39529e92d71c711cf54d6395e
6638,8,9,1,4,13,grayscale_overexposure,3,13:8,1,1,43c78dff1c2c25d344cbf7f47940e1c5e8bd99c813d55c6422e6c276950065be
6698,8,9,2,5,13,grayscale_overexposure,3,13:8,2,1,48ec7947797231678f1840b5f2e1bf5058668b24515197f382085db05a7b23cc
6728,8,9,3,3,13,grayscale_overexposure,3,13:8,3,1,4a776d19a514f2e6dc04e93be64ecdbd54c30864598ed1c6bf275fcd21003ef2
6648,8,9,1,5,13,grayscale_overexposure,3,13:8,4,0,54db81e9cf7124f8e6d469177e9900d190ea40ec4f2897aa730d58a9fb46d1e7
6718,8,9,3,2,13,grayscale_overexposure,3,13:8,5,0,589c56d0927842dec781a22907bee0fd04be62c05c6f07776fc000f21a2fea75
6608,8,9,1,1,13,grayscale_overexposure,3,13:8,6,0,81a5956b022e3cbfd3a12d83e1eac45f8c1569035115d94f5eb2df4a5c61d882
6678,8,9,2,3,13,grayscale_overexposure,3,13:8,7,0,92d6ce47a14112ef7691ab925976c522acfd0095169a2abd057604bb6b4119f7
6618,8,9,1,2,13,grayscale_overexposure,3,13:8,8,0,a209a52ccb1f9e10ba5bbdbd686378ca828df5351d90dfc715ccf6c216a9179e
6628,8,9,1,3,13,grayscale_overexposure,3,13:8,9,0,ab07006ff4b880dd1e6b8abf15cef3c97cb7fce9bf0d7559b04491d2b0d4c94a
6658,8,9,2,1,13,grayscale_overexposure,3,13:8,10,0,b1bc0dc80c6a3623da91284b73a60f98ad10690cf56ad78f9541fd1ab647c081
6688,8,9,2,4,13,grayscale_overexposure,3,13:8,11,0,bb0a637a4eab07f95daea38760826029083530b6577f7cd4473a8fbcd2b9bda2
6748,8,9,3,5,13,grayscale_overexposure,3,13:8,12,0,c16f6847725b64194b564b0e4814199199d962096a15114eb8ddce5d1cb8cae6
6668,8,9,2,2,13,grayscale_overexposure,3,13:8,13,0,c30528fc59476ed5cbb42bb174c61efdeb2f2fc9df539059c62dabe56e1e6c5c
6708,8,9,3,1,13,grayscale_overexposure,3,13:8,14,0,c47c79a8d8c2f5bf0a4264d2be8390c295738c8b787a0f6cc2a20e06f02e7a78
6738,8,9,3,4,13,grayscale_overexposure,3,13:8,15,0,cd6e1dc3fffe5b10f18abe39c56b4baef660ac0d343188b7fb3cf1b0b79dd604
6709,9,10,3,1,13,grayscale_overexposure,3,13:9,1,1,09d74c56895f0f9464705b00212060ad015eed87e00c533cd97c2ca8346284d1
6699,9,10,2,5,13,grayscale_overexposure,3,13:9,2,1,1b00f57cb4904e8cdf08d4770f01b963132ebe7f6f0265086b427b99dee2b35d
6689,9,10,2,4,13,grayscale_overexposure,3,13:9,3,1,283dc1b17482020fb5c1f7e690d59c6100be0ec02301579f56306ae46f2a1604
6679,9,10,2,3,13,grayscale_overexposure,3,13:9,4,0,2af55c0784e9f254498540884675201288ef72118e85e4993c9642b5d5bdba35
6609,9,10,1,1,13,grayscale_overexposure,3,13:9,5,0,2fb06de7b9e642d45620a629cdec39596718a7966e808a28682aeed41c726bc6
6659,9,10,2,1,13,grayscale_overexposure,3,13:9,6,0,3b614fc77be8f144d06112dbdd7caea3cb48b66a5ea4760f6f860dcff3e96f9e
6639,9,10,1,4,13,grayscale_overexposure,3,13:9,7,0,4bcc615f113209806dff52c38ca4e0b7cb7d29d56957ecc587fe5add0b1ccc02
6629,9,10,1,3,13,grayscale_overexposure,3,13:9,8,0,65c5b6d856265ff6ef2a46b0d33dd7d0e55abfb48ce691a1e2099c17d27638ad
6669,9,10,2,2,13,grayscale_overexposure,3,13:9,9,0,7261c18f244f9150ff2a92452fc4d420e7b938839a8b04f5beb0c11f39022538
6739,9,10,3,4,13,grayscale_overexposure,3,13:9,10,0,7d2e7468c22afce7a7dec56b912f434f28a97a80d1296d1e144d07ca64b0e40b
6749,9,10,3,5,13,grayscale_overexposure,3,13:9,11,0,a6c4d5f31b2cb9391146735d215636cfcdca1e8ccab72553f1517b79938db548
6619,9,10,1,2,13,grayscale_overexposure,3,13:9,12,0,db19d31bfefac26084ae1904d426d24adaa6137245c9538b5725af36a0094bee
6729,9,10,3,3,13,grayscale_overexposure,3,13:9,13,0,de49417186f825e163906772d5d839ac3ae9678518855ec46b8e8095c3db31c4
6719,9,10,3,2,13,grayscale_overexposure,3,13:9,14,0,ea979a457c036af736ed572661a6326ba14e8717217b1013304827e540a7f4ee
6649,9,10,1,5,13,grayscale_overexposure,3,13:9,15,0,ee174ecfe241c13c521c82656a48ae5b7d310ac6ae61ad340dec325c80baa6d6
7240,0,1,1,5,14,grayscale_gaussian_blur,3,14:0,1,1,0ece224d9adf562b906135b069717edde112e3533443ebbb1c9e10b2f9927ff0
7260,0,1,2,2,14,grayscale_gaussian_blur,3,14:0,2,1,1768dce55d988c79bb60b9f35438a81769c58b6455eef339e287bc8533c63440
7210,0,1,1,2,14,grayscale_gaussian_blur,3,14:0,3,1,1e30fc7634e9877c2b83bda03d96ce156a5837c10cd4c1cfe4389b6e18d2b318
7310,0,1,3,2,14,grayscale_gaussian_blur,3,14:0,4,0,3d0f920e2e1fe8a871462e696d490e268ea7f689f999030e90a0bfcf153504fc
7300,0,1,3,1,14,grayscale_gaussian_blur,3,14:0,5,0,637821b512f3032b9a293862e3a00c504469809160d6833072b9743b66d1c516
7230,0,1,1,4,14,grayscale_gaussian_blur,3,14:0,6,0,8f1a40945be82fb2674db11243cc5178ab30dc81cd11e486ef4802930c0cd4ad
7200,0,1,1,1,14,grayscale_gaussian_blur,3,14:0,7,0,95f556c73140f4adaecba0ccf27f7bbc81382faa3a051d829203497b00a0c942
7340,0,1,3,5,14,grayscale_gaussian_blur,3,14:0,8,0,98b30ed888ae6413b96e7d9fffda418d2f46696217b821f988cf80783df4f988
7270,0,1,2,3,14,grayscale_gaussian_blur,3,14:0,9,0,9a201e00dd3aa2ced2078e0667a98eef7403d26e2c1e92cb2b76a95abb6324fb
7290,0,1,2,5,14,grayscale_gaussian_blur,3,14:0,10,0,cf2f1387ffaf1489d4fbea4544e020ee68a0525c3b66605dc9b330a42d2c24ca
7330,0,1,3,4,14,grayscale_gaussian_blur,3,14:0,11,0,d2fc7bc6fa0dce042f79a113fa7c1877468ba10434f4bf789da03b832e47d23c
7280,0,1,2,4,14,grayscale_gaussian_blur,3,14:0,12,0,d63d0535cd7a3ed88f9c357bf39ae9be15b2c3f6e31a28298348203bce506f5e
7250,0,1,2,1,14,grayscale_gaussian_blur,3,14:0,13,0,d989c5bc3fb303dbdddcc863bc13ea80b749f58670dafbfe01fdfe2318204dee
7320,0,1,3,3,14,grayscale_gaussian_blur,3,14:0,14,0,e8353eaea39c207151ac393ea62be1a6b3c6140a69f104f7ef59d2466183df55
7220,0,1,1,3,14,grayscale_gaussian_blur,3,14:0,15,0,f52260125b1cbec48cb7bdfc082df81c09317ba449118567600ee43f2b6495d0
7281,1,2,2,4,14,grayscale_gaussian_blur,3,14:1,1,1,1a4fc04d7a8a5616e7bf1266714245b6dc61b038da4557c5edcd5400b6deac1b
7201,1,2,1,1,14,grayscale_gaussian_blur,3,14:1,2,1,29a2bb5225aa81c496db44ad22db58239d574d70d92edae1bbde9bb93f58e908
7321,1,2,3,3,14,grayscale_gaussian_blur,3,14:1,3,1,533030d99ec3dfe4c3de809727327583aac70851f3910afbe9601d4dac96a986
7241,1,2,1,5,14,grayscale_gaussian_blur,3,14:1,4,0,5517135f13eb86fbdfc54b1a507e1b647fee2171c850520dff80f3b83a0db5d1
7221,1,2,1,3,14,grayscale_gaussian_blur,3,14:1,5,0,6488966c62fc02f64bd20585b9a30d8891d3b6fe83b94ef7d8b5aa564e38d9c7
7251,1,2,2,1,14,grayscale_gaussian_blur,3,14:1,6,0,660d9371c4e0f61e9e72c85151e0e2cb4129777d9bcb82d892cd34dc4fbbfd28
7291,1,2,2,5,14,grayscale_gaussian_blur,3,14:1,7,0,7b0e57de8e76d92ae737d009e76c02eaa8f1343c718881abc914ba3068feb977
7271,1,2,2,3,14,grayscale_gaussian_blur,3,14:1,8,0,7ee0901b78faf0c9de599845bbee7ce69dde787deeab0dafad9162857f0b813c
7331,1,2,3,4,14,grayscale_gaussian_blur,3,14:1,9,0,8149d7617d1671ad3ea644e30291a8d8a8c1096b0d5aa29c776329aec5bdee62
7211,1,2,1,2,14,grayscale_gaussian_blur,3,14:1,10,0,8e21d50f87aadedc8e793f796d0cc079a73f7258f7789c0dc616c9413458eedf
7341,1,2,3,5,14,grayscale_gaussian_blur,3,14:1,11,0,bf76bc0c1a4e446fe713edba11bc3549f210579a3574526dd76eaf242de43e93
7301,1,2,3,1,14,grayscale_gaussian_blur,3,14:1,12,0,c999b891a3c1614833436aef913ec77eba146fbca6728ae716fa6b8ea459f02d
7261,1,2,2,2,14,grayscale_gaussian_blur,3,14:1,13,0,e5d73d07f5d78ca5db5b05bf4e7003f0a4bcee00271e7847c0222a95e229fda2
7231,1,2,1,4,14,grayscale_gaussian_blur,3,14:1,14,0,e6022c3ea8bc8c2c764bfaf687d1a48a07529cdc36e8dfd0239a82e72366001d
7311,1,2,3,2,14,grayscale_gaussian_blur,3,14:1,15,0,e8cbdcd4b53e812e5c70316b456ff01ae8f45a49a0d47341cebc4f5d70494bc7
7222,2,3,1,3,14,grayscale_gaussian_blur,3,14:2,1,1,025a5d0f6341d61ac32ca228eea96b19c9efb11c7f7e1de32df7861b15636054
7252,2,3,2,1,14,grayscale_gaussian_blur,3,14:2,2,1,136f672101d96930f21cafa76f00816b4de1702a38d4c3422daf78c41b563e9b
7342,2,3,3,5,14,grayscale_gaussian_blur,3,14:2,3,1,2465cf831070d9f1b500765db8a5f1faa9a16dfcb805f1b1a246f36577d49425
7292,2,3,2,5,14,grayscale_gaussian_blur,3,14:2,4,0,2db0e048b797a61071a07d9141a4a4dacb8084ccfc55bd97d1ce861a705d2156
7322,2,3,3,3,14,grayscale_gaussian_blur,3,14:2,5,0,2e70db9b14608ba8c07d67dd112e1b82f44fe3432ffa32eebebd921cd5f94e43
7332,2,3,3,4,14,grayscale_gaussian_blur,3,14:2,6,0,3949ea87bb267a018594e1f72e5844fb3527757fc8297ba2ec9b8c92da8ed630
7242,2,3,1,5,14,grayscale_gaussian_blur,3,14:2,7,0,43b2f0403c845fee848ceac9543aa0a3a0ffcbfbaa6437ec28217e3e5519012b
7202,2,3,1,1,14,grayscale_gaussian_blur,3,14:2,8,0,7b29d9623c00a766839ceb5d99c31b386dcf327618c1433d27ca65ec7b29dc79
7302,2,3,3,1,14,grayscale_gaussian_blur,3,14:2,9,0,7fd183f72a42805ff0af125c380d19d8fe134bd9bce5343e8d0ae27b000ef984
7262,2,3,2,2,14,grayscale_gaussian_blur,3,14:2,10,0,88fc210b37fc309db839ea5bdc363a464c27bd4f65b04f7164c6215bf1412e85
7282,2,3,2,4,14,grayscale_gaussian_blur,3,14:2,11,0,8c01feec6e535c0f065694b209588758a7f8d87512fe10ea3983272a13ed713e
7232,2,3,1,4,14,grayscale_gaussian_blur,3,14:2,12,0,a179402a7d5997933dc70b944a770ae6aa19284f629b336b54c21fca9a54d3b3
7312,2,3,3,2,14,grayscale_gaussian_blur,3,14:2,13,0,aea70e363c9329f7cdf56545dd74ea20595272c0c4b042b535df567f865b919e
7212,2,3,1,2,14,grayscale_gaussian_blur,3,14:2,14,0,b17e188703943fb659d65ba85d29cea656fded92c42a2a89d8fc297edc4a6363
7272,2,3,2,3,14,grayscale_gaussian_blur,3,14:2,15,0,db519c4648c405a601fcc0fb67b80db3416f9b02fbecc53b7b02e9b7b1744301
7223,3,4,1,3,14,grayscale_gaussian_blur,3,14:3,1,1,1fb36aea8d159d191bf16838fe469e7f5de83909fa690d9a9c791c1dd82c06b0
7283,3,4,2,4,14,grayscale_gaussian_blur,3,14:3,2,1,31c73e7f6df655001661b10ff4140ddec8a05baba91501e520ef50460b18ed82
7243,3,4,1,5,14,grayscale_gaussian_blur,3,14:3,3,1,3bb784fe4c59b77b8f272d2e2c3af710b590799a27d717cc09dc52b166548e4f
7333,3,4,3,4,14,grayscale_gaussian_blur,3,14:3,4,0,43df2e1d9cd3a6536696f465df675433a4307149256a8aad81f9d66cb8ab7e68
7273,3,4,2,3,14,grayscale_gaussian_blur,3,14:3,5,0,597ae239f3bab9cb3bdec8a2b1419b701a500e39f692e6c373321ab381569748
7263,3,4,2,2,14,grayscale_gaussian_blur,3,14:3,6,0,786e065728c107bbcef8839d69827673a87d4b3d9d766db3a512fc8fe499f131
7313,3,4,3,2,14,grayscale_gaussian_blur,3,14:3,7,0,792340e04f3213c0d4226e3b4023eacfd716d5841500780020f95455d5a3631d
7203,3,4,1,1,14,grayscale_gaussian_blur,3,14:3,8,0,79c2ad3a1db0b84d53ad7c1ba205324a01df11dc91b1c37d73011f86c20bd4b2
7323,3,4,3,3,14,grayscale_gaussian_blur,3,14:3,9,0,81ff173a6a4dcf1bad17b31bde24c911adca6abd8ef3e70aa4820114266ae811
7253,3,4,2,1,14,grayscale_gaussian_blur,3,14:3,10,0,91d420fcc116aed975637fb871f2ed6c688ed4f383126d06506b611c40d585ae
7233,3,4,1,4,14,grayscale_gaussian_blur,3,14:3,11,0,a3de82aaa15f36c7802e04635f20fbacfbc564cc97901c442a069a6617d9b1f6
7303,3,4,3,1,14,grayscale_gaussian_blur,3,14:3,12,0,bcf6210974e2096adf5b1403543125728a477df6d58fc82a20c2b2c8511b7189
7293,3,4,2,5,14,grayscale_gaussian_blur,3,14:3,13,0,ecb093a1a85385d9419530b570c103da1020a1ccc9a4f71d715c0a372a01d4d1
7213,3,4,1,2,14,grayscale_gaussian_blur,3,14:3,14,0,f8beae03be1c652249a0f1470f1a74c27e7753f06701a8f18362b9bd6d54cc50
7343,3,4,3,5,14,grayscale_gaussian_blur,3,14:3,15,0,fe2c2c92564d99e47864d3839e26cc21638c3fe27da312c80eb36f0c33253d2a
7244,4,5,1,5,14,grayscale_gaussian_blur,3,14:4,1,1,2a7354bddc71bf3e57a9b398a6ae28356b18c6057d1385b9ed43305411e38c97
7224,4,5,1,3,14,grayscale_gaussian_blur,3,14:4,2,1,33bfa625e0a8b83a887168f465fdc20ba552721146037f5bae89a3b765c74d19
7274,4,5,2,3,14,grayscale_gaussian_blur,3,14:4,3,1,3ae14f429d53d4f452d35c3e2bf2866a74b340d162d1e119d59dcded54e7628d
7254,4,5,2,1,14,grayscale_gaussian_blur,3,14:4,4,0,432a4a5029da2ebe5a78e4c6bda931640244138f5bc3cec0b10dfcdafbed236f
7214,4,5,1,2,14,grayscale_gaussian_blur,3,14:4,5,0,687991a475d679aa5ebb57cd24710f754c88f9b55dd816552850bb7e9c97b1d4
7324,4,5,3,3,14,grayscale_gaussian_blur,3,14:4,6,0,7e242da428dc818751c57368a249b0a2c4377c7d23fc7f91bcef3e02706c6fe1
7344,4,5,3,5,14,grayscale_gaussian_blur,3,14:4,7,0,a64b5f29aba0d2a1891e28c473b27d4d71c584c7743d51d316c3188c1ca3d1db
7294,4,5,2,5,14,grayscale_gaussian_blur,3,14:4,8,0,a917ae3c531bb7ff5a80d203a26d1ca1d2c402334b8a854bcbade91d2366770f
7334,4,5,3,4,14,grayscale_gaussian_blur,3,14:4,9,0,a94b3f66fa853161824158478156e82c150166888ed671b1fdabae59509baaef
7304,4,5,3,1,14,grayscale_gaussian_blur,3,14:4,10,0,abc3e4aa1324667c176847df7ae309db0862e8da8dd2871152624415be146c6c
7204,4,5,1,1,14,grayscale_gaussian_blur,3,14:4,11,0,ae7884086cb4ed2929f0aac9391ca6ef7f20a55ebf8f792ef6ec10635d44284f
7234,4,5,1,4,14,grayscale_gaussian_blur,3,14:4,12,0,af9c772d8450193ac4edad84e49c0d7112c70a9f3ebbbd1d0e3319d94810204e
7284,4,5,2,4,14,grayscale_gaussian_blur,3,14:4,13,0,b3bb57d8f050c95333d6448451a9dc9b6c6fcb82250f2274d6a887d7ab245314
7264,4,5,2,2,14,grayscale_gaussian_blur,3,14:4,14,0,b7481dd07c7831217f53cfe4d1eb3829d1df67a482b98d5f6e9cfc54cb5dc2bc
7314,4,5,3,2,14,grayscale_gaussian_blur,3,14:4,15,0,fdbea9e6e993747746fbaaadbe1350ed6565579899b48e75ea88c2c1baada247
7245,5,6,1,5,14,grayscale_gaussian_blur,3,14:5,1,1,0d429f4cf552287859b7052f119718d938c2d8d43fc623323b73eb94d8c4b023
7265,5,6,2,2,14,grayscale_gaussian_blur,3,14:5,2,1,10df2d3065f78d172728a0ab51d7e51617d88fe8c730b1c58d4542978e0d9172
7305,5,6,3,1,14,grayscale_gaussian_blur,3,14:5,3,1,177152e5346ad9446c421a1f23155b9a1caf850ea231784a44549d8a6c39c213
7325,5,6,3,3,14,grayscale_gaussian_blur,3,14:5,4,0,2cc0c5b39c3ca8a6eae78668c274373866f811ec2a9f91667e1c4d3932d9c26d
7335,5,6,3,4,14,grayscale_gaussian_blur,3,14:5,5,0,43207a784afa6a7047abdc6e5a47693aec576c44b7e9d33e820d1a80cdfbf4db
7275,5,6,2,3,14,grayscale_gaussian_blur,3,14:5,6,0,51958d55cbc5b95d0220e0463f5e2df83f15b686fd36d0428c8c421d15babfbe
7215,5,6,1,2,14,grayscale_gaussian_blur,3,14:5,7,0,723e4efc0ba572e0a3872ce7580c2e90a94574499758c568a71b25d74a7f4bb3
7315,5,6,3,2,14,grayscale_gaussian_blur,3,14:5,8,0,7a6596088dc5e504bdb1330630ff9ebd4690a8058de913f157338045809c0c73
7205,5,6,1,1,14,grayscale_gaussian_blur,3,14:5,9,0,8ab8920db4d68874b9bdc7fbb55135a3bdc44b867edab9e5fa4ae2829ef7b847
7225,5,6,1,3,14,grayscale_gaussian_blur,3,14:5,10,0,8db79e47c552833315741d48f33efadf716b90de11c8544f3e490331d8cb05cf
7235,5,6,1,4,14,grayscale_gaussian_blur,3,14:5,11,0,900abee4fc08427116de69bec2c81bda4220da050d92eed28dc4e5ff371fd6ce
7295,5,6,2,5,14,grayscale_gaussian_blur,3,14:5,12,0,a45af9cc0a28175225971be7d70386c6980f849450746cb0934fe21b4325f8d0
7255,5,6,2,1,14,grayscale_gaussian_blur,3,14:5,13,0,b669d5e4d18c58800e45855f4111cde513fd5ec4bde48977726b19f2f5700897
7345,5,6,3,5,14,grayscale_gaussian_blur,3,14:5,14,0,c81ad0badc1bd9e6e86eeef217ea732e4dc50d8cbf757f371daeb8ac6921aab6
7285,5,6,2,4,14,grayscale_gaussian_blur,3,14:5,15,0,d68c3721b38023bdb301606901256f0135cad7ea336f06d82da17c6d1214698b
7266,6,7,2,2,14,grayscale_gaussian_blur,3,14:6,1,1,0275a5339b536dbda777cdb9be2ea82db7d62dcc669d0af28ad4a352da020744
7206,6,7,1,1,14,grayscale_gaussian_blur,3,14:6,2,1,24b3f617a896850ad2e1d59a7456e7b40e8b9b889117b87cccd7d60c535d4f97
7216,6,7,1,2,14,grayscale_gaussian_blur,3,14:6,3,1,429a5f7703f7f8b9c490360ff84dcde6f44728c9f5631a0b7081239d26fc6c22
7316,6,7,3,2,14,grayscale_gaussian_blur,3,14:6,4,0,57a4dff1d6e27eefc38e65483c9bc60aacad314420f75692e6edf3129b9928a9
7256,6,7,2,1,14,grayscale_gaussian_blur,3,14:6,5,0,60528c6527532bfc7281c765707e3737528608a16652289d1329accb929356ca
7346,6,7,3,5,14,grayscale_gaussian_blur,3,14:6,6,0,7095e89020670a22488ba147e0cc2680c78c1ddb247354bdc02f5ff88d159cfa
7236,6,7,1,4,14,grayscale_gaussian_blur,3,14:6,7,0,abaabf2fb09672b3433f23186226914c56bb65d63b2c80bbb2bca197e2fff262
7306,6,7,3,1,14,grayscale_gaussian_blur,3,14:6,8,0,b4f18ba6e9b4764d9c88930284cc0444cfa8f5e60aa5f3b23eba9050af64a257
7336,6,7,3,4,14,grayscale_gaussian_blur,3,14:6,9,0,ba5b1aec70523a3313713deef0894ae8dc44afa096478372c2aae9330685aac3
7226,6,7,1,3,14,grayscale_gaussian_blur,3,14:6,10,0,bb7bb0b8aca5fad4a2d7f37226d18c9472315882ea3b1a7a246292eedae54c4f
7296,6,7,2,5,14,grayscale_gaussian_blur,3,14:6,11,0,e2ac8d3937110028ff84c94bec50ee8497b4ffdd2664ebe9cfa6d28a5ffeeb4a
7326,6,7,3,3,14,grayscale_gaussian_blur,3,14:6,12,0,e85e459b13986e779d0cb82ac23536cecfe3eae67332307ec4d756ea065c0645
7286,6,7,2,4,14,grayscale_gaussian_blur,3,14:6,13,0,ec0b610694d3721d6d36ec939fa34af33cb9c7033ee1348480a0da3271ada55a
7276,6,7,2,3,14,grayscale_gaussian_blur,3,14:6,14,0,f048993b3760a13f80827b036f83ef04ec541a3a5fa356c2c19f92ea7b65c5d3
7246,6,7,1,5,14,grayscale_gaussian_blur,3,14:6,15,0,fa32e5a2bfbd7a992423e2f312ef5ad7d2613fb47aab89e26341eb53dcce863a
7337,7,8,3,4,14,grayscale_gaussian_blur,3,14:7,1,1,02f1bd77c00d2bbb6decb87842a36341ed77c32f4df09f730bed7923686447a6
7347,7,8,3,5,14,grayscale_gaussian_blur,3,14:7,2,1,03c53534cd2bb2073f7c8097d0210077d7f9af33f7070f5e29a4a172d93171bf
7277,7,8,2,3,14,grayscale_gaussian_blur,3,14:7,3,1,06dfbad6b3fc7476600857496dcea728b736cebb4d4a7c984d2d2d5bd73f1215
7237,7,8,1,4,14,grayscale_gaussian_blur,3,14:7,4,0,1894c307c838c4ab25c47e1d5a7686bf1614c68f89851ae15c09d345ab3c660d
7247,7,8,1,5,14,grayscale_gaussian_blur,3,14:7,5,0,1fc2df4d813a1bd49fdf51eed1ff8042b09f36e537b32f1b156cb819d182ec92
7207,7,8,1,1,14,grayscale_gaussian_blur,3,14:7,6,0,35877a44ac5465ff0aa07d2c708d4213338f87aed4cd8028a3a8bb3b53c6833e
7287,7,8,2,4,14,grayscale_gaussian_blur,3,14:7,7,0,425c63c384670c215979dafafb53138e71e3294b3627d137d54af86e2db10adc
7227,7,8,1,3,14,grayscale_gaussian_blur,3,14:7,8,0,5c2ae348ea5b7d9898144ba3376626138b865a4129ca79847d079d372d1439d7
7267,7,8,2,2,14,grayscale_gaussian_blur,3,14:7,9,0,6b22911b26b39710c008d283d74b8ec8d23d14f117ba3efc6789a22f19125d5b
7257,7,8,2,1,14,grayscale_gaussian_blur,3,14:7,10,0,961f3ab36a2052d750c5bc5eeeced97b1276ca0b7a5bc4f5d6f6bcdb142574c0
7217,7,8,1,2,14,grayscale_gaussian_blur,3,14:7,11,0,9d5b66c3d4e9acefeb8d1e474da669812296b59b268d926b2cff6b3c12deaacf
7297,7,8,2,5,14,grayscale_gaussian_blur,3,14:7,12,0,d97cb48895fd10b9f9440f1972bc30c5ef9e67c4b1b3bb5deb6b89e7105a4888
7327,7,8,3,3,14,grayscale_gaussian_blur,3,14:7,13,0,ecf5bdaef7a34bda8ed1cb1a16a3639330f9e483e1f0d2e080d2c6f1fef42090
7307,7,8,3,1,14,grayscale_gaussian_blur,3,14:7,14,0,ee61c15147be0054a691957d561d5a83e94e5b777856e33edb41c50dbde1eee5
7317,7,8,3,2,14,grayscale_gaussian_blur,3,14:7,15,0,fc5e8b1f20bdd2eb0585e9712bead2094fd6114a926945fe7250d6747934dc0e
7248,8,9,1,5,14,grayscale_gaussian_blur,3,14:8,1,1,111986f61ad557fedd5fbe3d1b7edf8acafe1d5c17d174d1a854b61c56d927b7
7338,8,9,3,4,14,grayscale_gaussian_blur,3,14:8,2,1,2114baca9661cd1331190e1dfbe452093f8faa117efbacdebc57a161f6c3ce10
7328,8,9,3,3,14,grayscale_gaussian_blur,3,14:8,3,1,26324c14a5f30ae24d02bea310acd3b767693f5ef9569f622dfee22d9330eb3f
7208,8,9,1,1,14,grayscale_gaussian_blur,3,14:8,4,0,2f66894efd846b4dc783c12b69ab6a1ce69852d891e10213078aac8d5237cf52
7288,8,9,2,4,14,grayscale_gaussian_blur,3,14:8,5,0,61b9175ae11f83772de487adaed0dea9459b0037d9ba304a031a2787ea2a5fff
7348,8,9,3,5,14,grayscale_gaussian_blur,3,14:8,6,0,98c2cbdeeb90c0b6fdc722e6938f824aa67b01be51c3624e04285e17f5681283
7278,8,9,2,3,14,grayscale_gaussian_blur,3,14:8,7,0,a2c7ddba62d44ccb4cba7bec1fa9e23132da1eee8c6ace89dcd3fa7b0f50fcd3
7318,8,9,3,2,14,grayscale_gaussian_blur,3,14:8,8,0,a4a5942c0f01f8d9a8c726278b0fbbe4e307ba00e42a7f72908dd773aeab74e1
7238,8,9,1,4,14,grayscale_gaussian_blur,3,14:8,9,0,b5ef106547ee7ea772c34a9c95afb4e1b0181c21a6a1737f7dd499c69f25012b
7218,8,9,1,2,14,grayscale_gaussian_blur,3,14:8,10,0,b9e411519dbde25a4328ba463852c50c6cc145b9d63b0596366ffa3429684cf9
7258,8,9,2,1,14,grayscale_gaussian_blur,3,14:8,11,0,e29466e2f2d74fb1ce146f1040828926e51a0df439029af4060025d559a025ce
7308,8,9,3,1,14,grayscale_gaussian_blur,3,14:8,12,0,f53c7dd798c4a98b45142043ce2433ceb00798d1a29cd65d40b32e75b07dba2a
7298,8,9,2,5,14,grayscale_gaussian_blur,3,14:8,13,0,f5dfa01d7099cf1b663e810f566ee36ead5b07ca2a7fc066930b565a61c25b67
7228,8,9,1,3,14,grayscale_gaussian_blur,3,14:8,14,0,faf7304b52e7a455d905780a0d2d91febd62f87a8f90550d31eb3d7aee8a3252
7268,8,9,2,2,14,grayscale_gaussian_blur,3,14:8,15,0,fd3892e8d4d551aee0d921172c999ffed0b98898d8c35831aa43eafb87055672
7299,9,10,2,5,14,grayscale_gaussian_blur,3,14:9,1,1,3204b88a1813d5de26e1339926802dd4da37b29a4ae4ce66b1d184666a69dc90
7289,9,10,2,4,14,grayscale_gaussian_blur,3,14:9,2,1,3f297a5cfbc5b95fd9d3e21b9cfa7bdfc63959f6d6101f9e22fdadd12bc8e3e0
7239,9,10,1,4,14,grayscale_gaussian_blur,3,14:9,3,1,634d2673e6b0344b7c840e82b9813a21c6daf6f2557c21372f85d7977c6af72b
7219,9,10,1,2,14,grayscale_gaussian_blur,3,14:9,4,0,666917b6d13c2b8298d9f65a03d23ee766f41cc83fea6b84f768d354e9759400
7329,9,10,3,3,14,grayscale_gaussian_blur,3,14:9,5,0,6770b5b98063ec69cc98ce77de3a3688b9752a059fb2a3b3333f181523257d52
7339,9,10,3,4,14,grayscale_gaussian_blur,3,14:9,6,0,7b8dbd0b9da90fcf04e2aec56c69fcd254cda94861314134865d538b923c9c08
7349,9,10,3,5,14,grayscale_gaussian_blur,3,14:9,7,0,7e7540e85211b1a8e1cb0d54ea4b2d6097f7693f6899597ce75a92ab0f9a006d
7309,9,10,3,1,14,grayscale_gaussian_blur,3,14:9,8,0,7fa4c734808a1724e4852fae01149132ed3b0e00f45dbc015d2663af827b8969
7229,9,10,1,3,14,grayscale_gaussian_blur,3,14:9,9,0,93418e544ace86f3c0e5583a9c5ef9e79d85254b67aa4e2b5017bbad990172e7
7259,9,10,2,1,14,grayscale_gaussian_blur,3,14:9,10,0,9efc6ddd04cd6832dbfea1b4f9216fcd431076171a644851630f93fcb1518232
7279,9,10,2,3,14,grayscale_gaussian_blur,3,14:9,11,0,a687b85c9b01e010c8f0cb8e2e17aa735f85d652b12cee83e032c55bb4b54e43
7319,9,10,3,2,14,grayscale_gaussian_blur,3,14:9,12,0,acc8d2f54240010120663266aa45167726ebfbdf66e89f4047369484c5af2cc8
7249,9,10,1,5,14,grayscale_gaussian_blur,3,14:9,13,0,e94c107418e3d8bec9bfbc5adfe33e48cbfb3a4a2dd208d31c56d4cbffb6e342
7269,9,10,2,2,14,grayscale_gaussian_blur,3,14:9,14,0,fd9a526dd4505ae36c431bedafc25ad388b2a4da0dc9922cd19cc4fa40798105
7209,9,10,1,1,14,grayscale_gaussian_blur,3,14:9,15,0,fe41aa1e05fd8c0d3bbc6eac79583bc0802408242c41264d2c478c318bd3c1ea
7800,0,1,1,1,15,grayscale_contrast,3,15:0,1,1,07bf30c750319042d37760204d95ef83c8101ed44ca962c4b3b8c34732939e25
7910,0,1,3,2,15,grayscale_contrast,3,15:0,2,1,0f2c592eec3f50fe5dbf5c0664c5316f4b741407990b6709bca14e2d9abeb104
7890,0,1,2,5,15,grayscale_contrast,3,15:0,3,1,12e96b9f8ca4f9948453c53678dda92d27014a54577b2c42674b1a2ac1f5d5d7
7900,0,1,3,1,15,grayscale_contrast,3,15:0,4,0,198d91844ebe785d2459b12f558efa11f6948e5503aa361253fd5c60b9467f2f
7940,0,1,3,5,15,grayscale_contrast,3,15:0,5,0,5d47a361d7b7f57fb48851aaace1ea60f9f37b50960e8a2578c892ece08b6d59
7860,0,1,2,2,15,grayscale_contrast,3,15:0,6,0,6d5705b6bd9bfb18829c246a7f8067894b3160f137a9f3766fb7ef6313ec5111
7930,0,1,3,4,15,grayscale_contrast,3,15:0,7,0,96bdfd8b2fe01cc7c1ec37b5e682227a168f7fdda5c7aefe843eb1983a8f2d64
7920,0,1,3,3,15,grayscale_contrast,3,15:0,8,0,99a847d0ff290fc3d9a7de6115238016dc483dca059cf8698d3677a7a418b977
7850,0,1,2,1,15,grayscale_contrast,3,15:0,9,0,b0089993b366802a8677f21f20189edc67ff8c82c32b94ad57bfe48ee7d10804
7880,0,1,2,4,15,grayscale_contrast,3,15:0,10,0,c85ac147c7b4e18cd180c7c340408c917fac95c61865966807bd6278cbf28783
7820,0,1,1,3,15,grayscale_contrast,3,15:0,11,0,e4328ada683bd0057bb7bf0455e4ce15c83a814342e434bd501211405376dcd4
7830,0,1,1,4,15,grayscale_contrast,3,15:0,12,0,e5ae26f377341af6a35b9a708131ca760c36cc4fda698883fe55949d45178095
7810,0,1,1,2,15,grayscale_contrast,3,15:0,13,0,ed7d2e4c250e111d4b9c2f8e336b6b61d5583d9e6a0608a85e84d249324066d7
7870,0,1,2,3,15,grayscale_contrast,3,15:0,14,0,f415e3a90a78ebee5205b2464798765635898f44061dc0ba2d257f00fd8d1769
7840,0,1,1,5,15,grayscale_contrast,3,15:0,15,0,fef9ef28f526ae8627a21a694a36411931042656dac187e4c7287fc96cf0c64c
7801,1,2,1,1,15,grayscale_contrast,3,15:1,1,1,324ce8b12d62e519d305a7f1dcd6142cadc11b621dcf41b1bdb3f57b640c638b
7811,1,2,1,2,15,grayscale_contrast,3,15:1,2,1,3485abe29d8c1d10505e9145363f3b84190aabf7ce8cc79d2d22cd84a9ef30fd
7911,1,2,3,2,15,grayscale_contrast,3,15:1,3,1,3fccc54cb3475e86da9384552a425964148e97e69225b5ad1f498c9635f53b10
7901,1,2,3,1,15,grayscale_contrast,3,15:1,4,0,6fa34ac7ccf6575851da0df010cd0b9c42148133d10fd9d6df419f072190cc39
7851,1,2,2,1,15,grayscale_contrast,3,15:1,5,0,7c20a1cc00384e06e24a880529d461a05f70cbb833d1ff252038f34da56c9fd6
7921,1,2,3,3,15,grayscale_contrast,3,15:1,6,0,882433cfa54469a994518f24ce7341b23619178662dfea9aeaa6c6013d82d78a
7831,1,2,1,4,15,grayscale_contrast,3,15:1,7,0,a57f5b2f6b956ea82008655fc79302b6ab1f5015b6fa2012e9639415395d7a74
7841,1,2,1,5,15,grayscale_contrast,3,15:1,8,0,b8b16f0d30d25547e5bc717e25d0255df9cd91ac8ac95444f3d5c0147dcd9524
7871,1,2,2,3,15,grayscale_contrast,3,15:1,9,0,bac13c097e381bf0d8299e0f13e07ba284639d51252f571ad14e80610b8f8795
7861,1,2,2,2,15,grayscale_contrast,3,15:1,10,0,bd68f5ddfcde6814e0472b9e9c645eb45b2d669334d2122b3be4535e6d8bf87f
7941,1,2,3,5,15,grayscale_contrast,3,15:1,11,0,cba72af1a3207ad465b788d2f1f82aa68117607de83dc101e6fdab09ce932ec6
7821,1,2,1,3,15,grayscale_contrast,3,15:1,12,0,d0d70c717e5b26923498b600655962f4ed6515f7cb42da5efcc8278ee2a19786
7881,1,2,2,4,15,grayscale_contrast,3,15:1,13,0,e03e29edcef5d832f32e76867812d5bfb550899d10bb54713c2ec82800358f8d
7891,1,2,2,5,15,grayscale_contrast,3,15:1,14,0,e52a2e20c79f81c9ad48dd38afc42350d9b58c6a6e12fef017e81c73e54bb1c9
7931,1,2,3,4,15,grayscale_contrast,3,15:1,15,0,fc061ab9a9988c45b76e54df1b0efc151c13558cde08a75d8e1c9501f941cec8
7822,2,3,1,3,15,grayscale_contrast,3,15:2,1,1,11fc66b13db5b272c88f76eb7a63ecbe349e259c9e2886b1d0c10aeabb2f5ce4
7932,2,3,3,4,15,grayscale_contrast,3,15:2,2,1,15ab8fe26b791687919e03b909c62ed320effcf0a8989c1e9c96125dc8cc4ba1
7852,2,3,2,1,15,grayscale_contrast,3,15:2,3,1,3b0cc74885f19a9af8f65a3dd4dba4698ac687433e64d91883d24972947860d8
7922,2,3,3,3,15,grayscale_contrast,3,15:2,4,0,48b6ff9e0e0d9e8dd5bc00980ca65d426841d62b2393b9373354c27eab9a0a65
7892,2,3,2,5,15,grayscale_contrast,3,15:2,5,0,527572046b6be5bb0a99a0b70e46f9af14db1ab40ba7d7ba93c2dec73858d7e0
7912,2,3,3,2,15,grayscale_contrast,3,15:2,6,0,52e990104c290342969ab35df27dfd5f8dc482e8d471dfa7358593b0a0fe1c76
7812,2,3,1,2,15,grayscale_contrast,3,15:2,7,0,6587838536bd7f219226f57761e0acbc439d2cd1dffde9621644be8a12dca0f5
7802,2,3,1,1,15,grayscale_contrast,3,15:2,8,0,8030c3ba27c5744fe53fbb20cc2d1e61854457c1f568c4bf18451d08c2e9b1ff
7872,2,3,2,3,15,grayscale_contrast,3,15:2,9,0,85f701826a71491f146e721985f63923438edc172d6bc2b5fbb6785447c1f77b
7942,2,3,3,5,15,grayscale_contrast,3,15:2,10,0,88503e703418505f8634c464944e6eebb1cf1be1814271b11ffcffdb4644abf3
7882,2,3,2,4,15,grayscale_contrast,3,15:2,11,0,8fe9f24531db3382555ff724ab14a0b92d51ef2babc6614f94693d795eba24cf
7862,2,3,2,2,15,grayscale_contrast,3,15:2,12,0,a97e04ed0afa3c65def5fd74dd649ee60e1ac9f0ec3db5bc24a6067aa77f727a
7902,2,3,3,1,15,grayscale_contrast,3,15:2,13,0,c8c7967d246d0db780f9b2fa69aef5dd3cf795cb3a1f6fc7d77247153c867079
7832,2,3,1,4,15,grayscale_contrast,3,15:2,14,0,f14fad98f9883ea9cdd9453acf9218a6bb5514c3b3867f439e2c78799bd5d1f6
7842,2,3,1,5,15,grayscale_contrast,3,15:2,15,0,f237998c80c3f5d558859223d99112dd68aff1aeb39c027f0736bde227eb6a9e
7863,3,4,2,2,15,grayscale_contrast,3,15:3,1,1,12185811104a4f4a13f97f1dedf5419cefe16c44d11a319e759bca47a81468c7
7853,3,4,2,1,15,grayscale_contrast,3,15:3,2,1,1fb9917763cfaaf8725682f244ea5048304ecaf9e3878032228d6b610c9cbe1d
7913,3,4,3,2,15,grayscale_contrast,3,15:3,3,1,4be828e3c42c57dcb7acea501aa04018b116190d45cb2ef3caef6b35f23e77a5
7903,3,4,3,1,15,grayscale_contrast,3,15:3,4,0,539b5410d29fd10e7cf8d8dff90b67c1ea60c7c646a60acd8949e6a4a6205f83
7843,3,4,1,5,15,grayscale_contrast,3,15:3,5,0,6db2ac8ffeb1abaa75c7e7ef28f89833365735b8cfca3b74d8c571ffd5d98b71
7943,3,4,3,5,15,grayscale_contrast,3,15:3,6,0,9ce347fa62c242c840e14a67a584a9a5806672ea1b1bee16a9dabacde1b18320
7873,3,4,2,3,15,grayscale_contrast,3,15:3,7,0,a02c97126c46f006245070c4b7130f212a069060fe74b62f1c403be43b626f17
7933,3,4,3,4,15,grayscale_contrast,3,15:3,8,0,a8ce464322278db07ceb94a673e5a3d6670bf00f7f569a2a94177ba1bfc18734
7813,3,4,1,2,15,grayscale_contrast,3,15:3,9,0,c2880186d078526fc855c51eed35ec7fb8a713ebcf2c60ce1948fc77999674ab
7883,3,4,2,4,15,grayscale_contrast,3,15:3,10,0,c42789b394b5561e1d0dd7e4f9691d2e4cd2c9cae3e362dea3a6f2074b12fe6f
7823,3,4,1,3,15,grayscale_contrast,3,15:3,11,0,c4a882426cb401efaec2994fb1424eeea7eeffb1046525b2e59ed99914f9eb8a
7833,3,4,1,4,15,grayscale_contrast,3,15:3,12,0,c85f9763a2c53dbc01201a40551ddd24740e9f06dabfe73891d49c987cb75868
7923,3,4,3,3,15,grayscale_contrast,3,15:3,13,0,dc374b5df6cf4d0f507df0a2249626f19d0f28e818ab058baf14d7db5a284e8f
7803,3,4,1,1,15,grayscale_contrast,3,15:3,14,0,e40e7942aeb3a4a2cbedf1ffa61366ae19916895fd1fc409a79ddb2376e288ee
7893,3,4,2,5,15,grayscale_contrast,3,15:3,15,0,f793f357a7a31ab89544a7c0b2555b957d5f28bd520c530bfd904be059c1d5ad
7944,4,5,3,5,15,grayscale_contrast,3,15:4,1,1,02a451640676d8bc04bbd212f25a89879dbe60112de1434e06ba9e1b1234b9a7
7844,4,5,1,5,15,grayscale_contrast,3,15:4,2,1,0d7a3e71d0de60c4f6212a44e361780ab8f99804e90cccdb4ca4f152744c4ba6
7914,4,5,3,2,15,grayscale_contrast,3,15:4,3,1,0dfe3bd383fe76daa04b5ce13dbebd1875488b93ed33b788372c13cc95cbb77d
7864,4,5,2,2,15,grayscale_contrast,3,15:4,4,0,106d66b855a5637f77288177def2a63aba371c9dd8de0f88a6f70f3790f0c99f
7904,4,5,3,1,15,grayscale_contrast,3,15:4,5,0,195bd393302e2672a4bb08073d01941d8d2cfdafc30cebd6f66b8c09b0f7cd07
7804,4,5,1,1,15,grayscale_contrast,3,15:4,6,0,28cb416a2361b4818729637f58212dcdce531dd4d8c35c2889aa9f84182814c4
7874,4,5,2,3,15,grayscale_contrast,3,15:4,7,0,40b69901cc64744b5de2c9c3ae7e3ef581db50a8451be9d2de7c91fd5816d69a
7894,4,5,2,5,15,grayscale_contrast,3,15:4,8,0,41f0106ef763cbed4ea1518768c00ec8180afd9829fee3eaa2deb4fa9b57e8f5
7854,4,5,2,1,15,grayscale_contrast,3,15:4,9,0,950b69463126e05840d445f41f1aa4c50f2fc9371f3aa22317dbc1bc120cae77
7824,4,5,1,3,15,grayscale_contrast,3,15:4,10,0,967f8def37c826a53660e0d153f17419e78812248091a4d2a92967eb0393aa13
7934,4,5,3,4,15,grayscale_contrast,3,15:4,11,0,9bfb60f8da342cb79e83f4f0e9bdd9fa95f2bf7d76e63983707ff98cc7b2a45e
7814,4,5,1,2,15,grayscale_contrast,3,15:4,12,0,9f552d6e79bc056c320f532c5b686c3ed8cd6990d15769ac3770da248955e7ae
7884,4,5,2,4,15,grayscale_contrast,3,15:4,13,0,a76a47df5a745cd7fb73691a5e65abe1cbeb61bca9a6d967c4d4863c100df152
7924,4,5,3,3,15,grayscale_contrast,3,15:4,14,0,b777a0a45e0071bf23e923507bdd8a7795a6f10d30ec2c56e9bce12033456a34
7834,4,5,1,4,15,grayscale_contrast,3,15:4,15,0,d1af741074d240b19c63ebacbb008656b77bb20a5b94df2b80125856173b2b28
7805,5,6,1,1,15,grayscale_contrast,3,15:5,1,1,0d5a4d0744605c110852df2e1c3aacc013c43577a3119e276d5b6889feb7a94f
7885,5,6,2,4,15,grayscale_contrast,3,15:5,2,1,276eb1dcba0a5a1762199c573395c0eddb83dd49092422f2d2020020494881ae
7825,5,6,1,3,15,grayscale_contrast,3,15:5,3,1,3d34b8b6b8bf6322a835c03482339f96b539301a9c12216a48cd7cd3ee0e7de2
7875,5,6,2,3,15,grayscale_contrast,3,15:5,4,0,42b45631148008f276cd5ff26191150ada63aae27dcf69ef551d6f0f0a5a2d64
7905,5,6,3,1,15,grayscale_contrast,3,15:5,5,0,455f715a94c6923ba52a43014871b94a590d1a536aefddfbf8858579f4846f6b
7895,5,6,2,5,15,grayscale_contrast,3,15:5,6,0,5e152615ae7a941e8c5faf86820f661d5bd2b0a24ba8945ebe0b00fe2a6ca16b
7865,5,6,2,2,15,grayscale_contrast,3,15:5,7,0,8503ba17c60663b74caa90aa197f4db14322a023a602e41d831d98f0ed36266d
7915,5,6,3,2,15,grayscale_contrast,3,15:5,8,0,c80f656140cbee7cfbf0f861ab3a7e9f370ffc76690504d5bcc475030ff15a1c
7845,5,6,1,5,15,grayscale_contrast,3,15:5,9,0,c856a14e098ee3770f2a33a8d8fefdc951d6e5e49b7c376144f911fd2d261e46
7815,5,6,1,2,15,grayscale_contrast,3,15:5,10,0,d598b99d30a9bbb830ba05df9f49cc37a19114894622e434a9b554313147c1c1
7925,5,6,3,3,15,grayscale_contrast,3,15:5,11,0,df32e06361b8519eaab60d63252914c530fbec34959774f7c9ddccf7e6226c69
7935,5,6,3,4,15,grayscale_contrast,3,15:5,12,0,e60ed3b8521f86dfc0552adbb7d1f661b9fc0f82f9f67529cb70457eb9a5c129
7945,5,6,3,5,15,grayscale_contrast,3,15:5,13,0,e66f1ac4cdf648debc76ad48bd9854f2e306ac5588b6815fdc5ed07508c740f3
7855,5,6,2,1,15,grayscale_contrast,3,15:5,14,0,ea1fe40a39a328dc8f7ca8f6b22eeade9a1ef9b989720a5780a016b7f4748059
7835,5,6,1,4,15,grayscale_contrast,3,15:5,15,0,f5eb1251e6cf8f7722126d12bca03432bbd9b9c000fab995bbd54227851d2c7c
7836,6,7,1,4,15,grayscale_contrast,3,15:6,1,1,024b41397487eef38487b1f0db3921bccb0b2977019d3e71dcaa08137fed613e
7936,6,7,3,4,15,grayscale_contrast,3,15:6,2,1,07b9d0b94267637e4dd915a7b488f99252a7c0fb6d4a4ecefffcf989e83b6d68
7846,6,7,1,5,15,grayscale_contrast,3,15:6,3,1,07c71bb790177d499643cb27edfba326ec4f25f7d44714ffb17622e4eb20fb36
7906,6,7,3,1,15,grayscale_contrast,3,15:6,4,0,2d7d5148cfdbd20041a632b618d67ca74183557c4a354e85ae620f0155dc4177
7856,6,7,2,1,15,grayscale_contrast,3,15:6,5,0,2dc2bdeb9636b50103cba60f74fe099c2e0e77a95159b32b69230da24a2ea843
7896,6,7,2,5,15,grayscale_contrast,3,15:6,6,0,32427e508e6adb6ca1434636df23a5ba90a59843b377ca3bb16174a5b3f058c6
7876,6,7,2,3,15,grayscale_contrast,3,15:6,7,0,4c0688a2a8d21d5467f3e39ceb9883e9ace2e8a50a9ea084a6b4ecd779f9d763
7806,6,7,1,1,15,grayscale_contrast,3,15:6,8,0,7a7caa48090ce8046bead00956201156a5d1806b89a1190de69d4ed3cbd0ea90
7916,6,7,3,2,15,grayscale_contrast,3,15:6,9,0,88133ec2c925dd38df9d45c25da856b3ce735cec7e02608ef648efb13b34f5ea
7946,6,7,3,5,15,grayscale_contrast,3,15:6,10,0,993620508bbe18ee6a7f068ac3d7b505cf17a2018ddb003939c1b378796a4e95
7866,6,7,2,2,15,grayscale_contrast,3,15:6,11,0,9ba6ebff2cf383076b1ae93de8b755d4bbe1cedcd835f1c4679825688f2e8d60
7886,6,7,2,4,15,grayscale_contrast,3,15:6,12,0,9e77f79f3a6ff95539d587aaa5976092e87b9f0e13821254739421de35ca971f
7826,6,7,1,3,15,grayscale_contrast,3,15:6,13,0,b5ca991cf07ca9389ad26f499781aa63ad06a74bb93602f0daa97c32ffab98cd
7926,6,7,3,3,15,grayscale_contrast,3,15:6,14,0,c908d7665f7cbbce7fbf6f51e5f28eb4396b1e0445a06ef91832fa1cd71213ae
7816,6,7,1,2,15,grayscale_contrast,3,15:6,15,0,f7e26f5582d7ef3a4b8247c185de948680704ef8eb67ac104291a9523c1c9a2e
7857,7,8,2,1,15,grayscale_contrast,3,15:7,1,1,15129cfa6330be6e87bab8ad67e5ee96c5ea13bdb6ae5efc71fc36f63f8d3cbd
7937,7,8,3,4,15,grayscale_contrast,3,15:7,2,1,5379e6fdd386e8db85da9034b957d78f9c8cd4edf27b3d73ad6975f8ead32ea9
7907,7,8,3,1,15,grayscale_contrast,3,15:7,3,1,54acd05e5121e37c85c198e9888634fff7777acec4768e4a6751e4c39d19c752
7927,7,8,3,3,15,grayscale_contrast,3,15:7,4,0,569cd599822e33583717681f450f016227fd61725929fec7b93a16de3d459e87
7877,7,8,2,3,15,grayscale_contrast,3,15:7,5,0,6dc62312b6a0cbc3b9dd7e22910bf9ecdc31de42698bdf8adfe5de3ff5740008
7897,7,8,2,5,15,grayscale_contrast,3,15:7,6,0,88ed7f26442ad1b6d5bb533ccccefa415bba5f4e512e9e122dba527120e65540
7817,7,8,1,2,15,grayscale_contrast,3,15:7,7,0,960a431f07b8e1aab420303bfdd41d323cf276fb4791e5f00dd129b8e090e8db
7827,7,8,1,3,15,grayscale_contrast,3,15:7,8,0,9a86b0e0be8ace05bab80196079bd1c11f4c3b3c70dc5fea0508ac9462a504fc
7867,7,8,2,2,15,grayscale_contrast,3,15:7,9,0,ae1e513fc5514b57de9fe5bc92b093b32ea25b4276168cbbacc77dcf9da7a22b
7847,7,8,1,5,15,grayscale_contrast,3,15:7,10,0,b2f91b93c1ac441076bc747886c3e866a8f64bad3592074c69b4a13308e9a553
7807,7,8,1,1,15,grayscale_contrast,3,15:7,11,0,b68ac87dc19edcc8f6102aab40f9fe182463169e2323dc48db5ec76e24a6fdd4
7917,7,8,3,2,15,grayscale_contrast,3,15:7,12,0,bc1e44b74ac49fe2d40a46d750495afd1407455718446ec0923f20d6520510f8
7837,7,8,1,4,15,grayscale_contrast,3,15:7,13,0,bd634a18a9fe9a90fdc8d290ec4b052afded6f639f23ddd42657d746e42aa5b9
7947,7,8,3,5,15,grayscale_contrast,3,15:7,14,0,da1e92e256fd0e6f8ab6227e3ebef0fbee3db77ac4fa06d108d41d9657ab6c46
7887,7,8,2,4,15,grayscale_contrast,3,15:7,15,0,ec8953bc55b401c92649091ca631af5ed8198b87fd50d6dc28fb0c6b40368669
7808,8,9,1,1,15,grayscale_contrast,3,15:8,1,1,09aa1f49a03d2761347327dc1f1e1a7bb6965c5a978dd820ef8845e905690671
7828,8,9,1,3,15,grayscale_contrast,3,15:8,2,1,11db86ea3a96e36b4b35408916f5e091538e9f813b128a8f5040b7246d29ae15
7848,8,9,1,5,15,grayscale_contrast,3,15:8,3,1,12faceab6e153548a7827695826cd8fbffa372810fed9f57e25bf90c0dc5a238
7898,8,9,2,5,15,grayscale_contrast,3,15:8,4,0,3e89f0055a61e0267320e86791f57c1740c7e9197761c98b303f0b01b69c9e8e
7938,8,9,3,4,15,grayscale_contrast,3,15:8,5,0,42ff405eb3eea6cc2dfa7e141297707cd2ca2b200579b1ac22e80d411723e76f
7888,8,9,2,4,15,grayscale_contrast,3,15:8,6,0,482b25a8203352639fb72cf4a4f851bb7937fbebf9cef4ff7b00e2d1de1be20a
7838,8,9,1,4,15,grayscale_contrast,3,15:8,7,0,5d4224e3202a3265a53752bc239ad85cc044cc2f9ef927110ee490ee3fbd00e2
7818,8,9,1,2,15,grayscale_contrast,3,15:8,8,0,976d76bddbef74c0587436dfb206d6f83d74c5e29e76c077d10b6f5b376fe97a
7858,8,9,2,1,15,grayscale_contrast,3,15:8,9,0,a20d2fd0eb7513f15563ca7b6b71536a9abd3077ca6d7ebe1fba27c9a4b7a2e0
7908,8,9,3,1,15,grayscale_contrast,3,15:8,10,0,a5ed6ae79245cffae75ad4e68620769f31fd3b28b1781c497f683157e9ab31f8
7878,8,9,2,3,15,grayscale_contrast,3,15:8,11,0,b1b08591acbefaf4bcc31f79cbb7a6c4cf5e9eb3cd16ad6f4f66fbd8a4af044e
7918,8,9,3,2,15,grayscale_contrast,3,15:8,12,0,c70121a6bb500027ea2910f2c4f5af8af9304374b2f4fe55a3560ff1eb482acd
7948,8,9,3,5,15,grayscale_contrast,3,15:8,13,0,d2ec7457cd26f0937f97613bfa2e31b4331191d6707a7cbb3b0295c28ccbcba3
7928,8,9,3,3,15,grayscale_contrast,3,15:8,14,0,d59b5877866374d40aa412d23d5f21abade3fcc32d2ecd0b6a39ecc0aa1057bb
7868,8,9,2,2,15,grayscale_contrast,3,15:8,15,0,fdf6584587dc3be72afd5e23ab1bc061973f528c8ee48c280909938c1fd6368c
7819,9,10,1,2,15,grayscale_contrast,3,15:9,1,1,0db45bc878d67dbb7b1e53815a7562089d50efa0299cb84b21dacdf4177584e5
7929,9,10,3,3,15,grayscale_contrast,3,15:9,2,1,2e97605cb6914431b148cb2e154aea042d7f34efa449c5abaed4fa63cde641f5
7859,9,10,2,1,15,grayscale_contrast,3,15:9,3,1,497fb7025ba061beff4f0dfac5ccb10c172aa720f85fc37fd408a961ad01f73c
7829,9,10,1,3,15,grayscale_contrast,3,15:9,4,0,54d4f61d5730c9d5ed4d7818b516eecc1b7b30fa3c2102b3d9064b3da469dc86
7809,9,10,1,1,15,grayscale_contrast,3,15:9,5,0,56784008d5f32252068f206af2ea47f26963ecdbd60e5690cef7a3041c8d4d5b
7919,9,10,3,2,15,grayscale_contrast,3,15:9,6,0,5fc2af569b1818656595bb866523886939f63465315879d2074ebb930629df62
7869,9,10,2,2,15,grayscale_contrast,3,15:9,7,0,65c609172547ff81a663c45c80d82b0c3b6567f2d7b9806738d36a7fc009bcb7
7879,9,10,2,3,15,grayscale_contrast,3,15:9,8,0,660eece1b59069279da68ea56c04511998a60bc09132748dee8874e80b2f7a9e
7909,9,10,3,1,15,grayscale_contrast,3,15:9,9,0,67edb6189ddf345564ba462bd68301c38c3a904b833d777de27293f054d9d2bc
7949,9,10,3,5,15,grayscale_contrast,3,15:9,10,0,7288e68a432c4f64ab66d7907e308aa86ad0ef46e2884e538d9e1deffc777495
7849,9,10,1,5,15,grayscale_contrast,3,15:9,11,0,750a56f634e425bddf9686a0113760c868fec9b2044bfc503133eb8497cf96db
7939,9,10,3,4,15,grayscale_contrast,3,15:9,12,0,8083f380db5ba0ca4cd28dbff4a3d93eca95e94e57ccb1da73a10389a9d76910
7889,9,10,2,4,15,grayscale_contrast,3,15:9,13,0,97a8199ba5d08ae38128a705b8a8b8f35b8c5e0c8a25f6b928251a4567f31c9c
7839,9,10,1,4,15,grayscale_contrast,3,15:9,14,0,a4f1d7cbdfdf3faa28245b55fd5e56f8f71b1b727157c60e8c9c0342621d5e4f
7899,9,10,2,5,15,grayscale_contrast,3,15:9,15,0,a7d3588c8fcacb2ab221a9927b7f0cd059d304daa9a9acf1f9d3572800513962
8410,0,1,1,2,16,grayscale_dirty_lens_1,3,16:0,1,1,0ea30c6bd881d59f9cdf61e15523807483ae06f7c7e24fb89cc7ed041c22f616
8530,0,1,3,4,16,grayscale_dirty_lens_1,3,16:0,2,1,2992e9cfccd3849dd88d1a1f32b5376251c50ae5a1ac59e6eeba9ec2edcc5861
8490,0,1,2,5,16,grayscale_dirty_lens_1,3,16:0,3,1,2e20693bc0f38cf3f17d29038a038e4148555c13b87634d6da98e09021efb2b7
8450,0,1,2,1,16,grayscale_dirty_lens_1,3,16:0,4,0,3b9c09f266c40cb9f2e99857670ee0065be6711bcae39711320d5c8133ff1570
8510,0,1,3,2,16,grayscale_dirty_lens_1,3,16:0,5,0,6cd742e94ac080e67b1432f65d235eedde7a266713a29ca3bb45c6884abe5cc8
8440,0,1,1,5,16,grayscale_dirty_lens_1,3,16:0,6,0,7148ec3ed49b02611a7e1d850e03427aa1e6e5e41d518eab44c18bdd2e5f5735
8420,0,1,1,3,16,grayscale_dirty_lens_1,3,16:0,7,0,8c7d7076a87d0258b9d9390353bafcada364d76260f6b2a8aae154b9eebf9f06
8480,0,1,2,4,16,grayscale_dirty_lens_1,3,16:0,8,0,b128e690cf02a5cdc810b7c73692adf968ab05766c73f9e10d945f002330df64
8400,0,1,1,1,16,grayscale_dirty_lens_1,3,16:0,9,0,b8a2ab7e418c10b8b23689852b5fd444b9c4985ebba1e9177492699a0253bb36
8470,0,1,2,3,16,grayscale_dirty_lens_1,3,16:0,10,0,cc345fb2d76a62bc9106995b6524a9519ecbab8edf385543a995f00ddbc48381
8520,0,1,3,3,16,grayscale_dirty_lens_1,3,16:0,11,0,d55b8e31f461f6172f8e14b370acab57922f0edb9a2aa78a422cfe33eacfd7c7
8460,0,1,2,2,16,grayscale_dirty_lens_1,3,16:0,12,0,d9594d6f35ed36381c9a78060e7713cfb45cb8e1c25a0c44142cba61d499faff
8500,0,1,3,1,16,grayscale_dirty_lens_1,3,16:0,13,0,e36fb833c1010c917d9238488ae39606c16715684a8ad24dc8bdcc893f8df182
8430,0,1,1,4,16,grayscale_dirty_lens_1,3,16:0,14,0,e41eaf0fd011530850a13b751d9728fa038eb95a04ff3d428b94aaed5c641e5a
8540,0,1,3,5,16,grayscale_dirty_lens_1,3,16:0,15,0,f1655b669171f0405378ebeb7a0b8ad52a4d81badb8b02cb2ff2c14081f93b1f
8481,1,2,2,4,16,grayscale_dirty_lens_1,3,16:1,1,1,241c21a7904578d1ef6385ed462e57f2d6d1e74a247b4a7691710b044eff9757
8401,1,2,1,1,16,grayscale_dirty_lens_1,3,16:1,2,1,54d5be3e98ae53fec6d10ef195f21a19a3089efa866abd1d91018f2c05ea21f4
8451,1,2,2,1,16,grayscale_dirty_lens_1,3,16:1,3,1,63d942eef6ee40d6a5c274f3a3a0d6827d1aa8e7b998030015124f9815b6b68f
8431,1,2,1,4,16,grayscale_dirty_lens_1,3,16:1,4,0,6c35f7757f89cffe9cd0e69c99649810a034c8b4b4e4e1857cce5ec4d947adf5
8461,1,2,2,2,16,grayscale_dirty_lens_1,3,16:1,5,0,6cebe524ac4210e315fa72834688d4340155c08711c3f757e56ea3f1b51fe76f
8471,1,2,2,3,16,grayscale_dirty_lens_1,3,16:1,6,0,7ac3548cb58ce63d10cfcb9bf7089542a3fa00de2ab5906029305aea981ad742
8421,1,2,1,3,16,grayscale_dirty_lens_1,3,16:1,7,0,84435740a9e30aabe617171b10a47c94edbdeafb651aac574b31506a5c4481f2
8521,1,2,3,3,16,grayscale_dirty_lens_1,3,16:1,8,0,9c673fab362071deed1fd486ba327bbb0810d8c5afa9b402ff9558e5ea4f6a12
8531,1,2,3,4,16,grayscale_dirty_lens_1,3,16:1,9,0,a7c1d6c04944219c22e36a6f19f5953197b8e200bc80f1d6b2d1251f464b3f5b
8501,1,2,3,1,16,grayscale_dirty_lens_1,3,16:1,10,0,ae7e8e1fec07a7215131dcaac6c06f7a35d85c10d88d3e71a0574821ac01a157
8411,1,2,1,2,16,grayscale_dirty_lens_1,3,16:1,11,0,b6dc3a60c171a0a455cbf95564c06187d70b7d04e8a8e85ae10e300173dddf71
8441,1,2,1,5,16,grayscale_dirty_lens_1,3,16:1,12,0,bc70d6c04bfd4a520dab1f9ad7a5a1faff291ac5bb187f3a29e46e1cf2c1b055
8541,1,2,3,5,16,grayscale_dirty_lens_1,3,16:1,13,0,c3fa8c432b9b5f77438af7dad453b3f480e0e2aefc862bf09195c9461d994c3c
8511,1,2,3,2,16,grayscale_dirty_lens_1,3,16:1,14,0,d8acc9e4a07a557b86d2725bee0fdbda47c8e842fb0fb2ae35526cd2a6fb1c98
8491,1,2,2,5,16,grayscale_dirty_lens_1,3,16:1,15,0,f7fb84c179d43ff65eb1382fb05d7d89bfde600ffbc4df31fa7109b8f03e9a6a
8542,2,3,3,5,16,grayscale_dirty_lens_1,3,16:2,1,1,0b583a18a8e512a91e2f274a1228eed43db6c0dbc7186e157caf22c492baefe3
8412,2,3,1,2,16,grayscale_dirty_lens_1,3,16:2,2,1,1807a46bcf9af581a3bce003d6db1002bf1314edfd8fab82eb2057dc72c1471e
8432,2,3,1,4,16,grayscale_dirty_lens_1,3,16:2,3,1,18db1f03441ca973b3836f6c2aa91db08d72644b7ce35a54c6da190d906c5a58
8532,2,3,3,4,16,grayscale_dirty_lens_1,3,16:2,4,0,29cbccde310834d9a3211b1281687d7e36a97eab5e58d0b441a9eb414b358dab
8452,2,3,2,1,16,grayscale_dirty_lens_1,3,16:2,5,0,391b909b62317556d3b832ec030fb19a3f60e6362d4ada114668ffabadce6ca3
8442,2,3,1,5,16,grayscale_dirty_lens_1,3,16:2,6,0,3e901526e21932ee24ceadc792261211aea06d3d964f1b42561286fc08753a61
8462,2,3,2,2,16,grayscale_dirty_lens_1,3,16:2,7,0,720a983759caea1a0d4283ff2d42bf2c008ac14613f040b9439dc73886b412d2
8522,2,3,3,3,16,grayscale_dirty_lens_1,3,16:2,8,0,8de26c8da5df9b2bbf9913ada37e3feefe3ecb28d5a0a85c4c4cdddc42cfbc56
8492,2,3,2,5,16,grayscale_dirty_lens_1,3,16:2,9,0,9adb3b14b9d7f5df8b219a29d64e3f7244151f4f53c023b148880ed922aad747
8422,2,3,1,3,16,grayscale_dirty_lens_1,3,16:2,10,0,a2de300478d0ca72777fdaa791ce44d44d72462da5afcd3ac8de9beef764d9d9
8482,2,3,2,4,16,grayscale_dirty_lens_1,3,16:2,11,0,abb0e33882b9d495f7ff1567639ed6175550dc2cdfc6d8d8a419b03b7af524fc
8512,2,3,3,2,16,grayscale_dirty_lens_1,3,16:2,12,0,c6a765b9fd95538320baa26c55c917c7b7dad1986a904ff567c471e52a145071
8472,2,3,2,3,16,grayscale_dirty_lens_1,3,16:2,13,0,d5baaf0c0859598595e72579ce84d20d009e9fe0bb86d14d6b53d09a38278873
8402,2,3,1,1,16,grayscale_dirty_lens_1,3,16:2,14,0,ee008be444df602e95d614cce7cc3f9f52710994dea2c08a146886a415f82da2
8502,2,3,3,1,16,grayscale_dirty_lens_1,3,16:2,15,0,ef547e6c2a4bb5cf5ca49f1235cda05ad04717e95133d04ed8b2cf56d3e3e10c
8503,3,4,3,1,16,grayscale_dirty_lens_1,3,16:3,1,1,050763f88ded71e52d916887141e02f5b7cd91e5c75b50632a5af5529a1b6e2b
8543,3,4,3,5,16,grayscale_dirty_lens_1,3,16:3,2,1,05fef906fde7b01e9a5f2824f0d84c32ac95f9c77161332e27a1aae4d8c2515e
8493,3,4,2,5,16,grayscale_dirty_lens_1,3,16:3,3,1,1d873502728ce053d00aa002af7af3fb480d320731d818957e515381489de6d5
8453,3,4,2,1,16,grayscale_dirty_lens_1,3,16:3,4,0,260faf1f0bdcfa4e3e05b3b56f61bc4d620e44cff4d4fb4df2386e92999a4955
8423,3,4,1,3,16,grayscale_dirty_lens_1,3,16:3,5,0,2870b6345737616689de1c45fa11456ed51f8de9afdc248a44154a7a4352e45b
8443,3,4,1,5,16,grayscale_dirty_lens_1,3,16:3,6,0,38099139ec6e57d83eeaa83adfecd43a04f87a0e6df1c4570a76a54a7622ed52
8533,3,4,3,4,16,grayscale_dirty_lens_1,3,16:3,7,0,420ef5b7de327549fadaacee272b2c5eb78b2103c44bb7b5425563de9200bbab
8483,3,4,2,4,16,grayscale_dirty_lens_1,3,16:3,8,0,4f8f048c81412b8c5bad0f0ac82b90ea9c2c9ea353d16ad6b098fe4bd39777b7
8413,3,4,1,2,16,grayscale_dirty_lens_1,3,16:3,9,0,4fb76452bbe9defb50103d6bf11b6c32d8656f6778345f0c457dccf4388531e3
8463,3,4,2,2,16,grayscale_dirty_lens_1,3,16:3,10,0,63da552e0e31ea7348045295a08e300645ccc1f27b689db463df3a823af7a099
8523,3,4,3,3,16,grayscale_dirty_lens_1,3,16:3,11,0,9e12e5c6b315667b31637d8e558e04f79d6bf293c965da8fc93d5b2aafd999de
8403,3,4,1,1,16,grayscale_dirty_lens_1,3,16:3,12,0,bd69ea409d603da05668cc0e23bf3ad0e300499ade8d75107356690c7e67a52f
8433,3,4,1,4,16,grayscale_dirty_lens_1,3,16:3,13,0,d6f401adac3cb8ec1e7e96228dda0972498fa9a7d94290756ee24c886ca15a30
8513,3,4,3,2,16,grayscale_dirty_lens_1,3,16:3,14,0,ec8f48dd953a4df8c9e2d82e39a1bd996d75cf3cbe170bde4570e8526d33568c
8473,3,4,2,3,16,grayscale_dirty_lens_1,3,16:3,15,0,effcb53eb4ed11eb071b896a595a4aa8f35ce60aa0ecf0db2724b44538d5566e
8514,4,5,3,2,16,grayscale_dirty_lens_1,3,16:4,1,1,110c639845417316d43ed3c558a883193785e965e8f300157bdc015d9c6e06cf
8444,4,5,1,5,16,grayscale_dirty_lens_1,3,16:4,2,1,137143e7adce8782f196a05525e00ea8aa69abd7136745e88664ad82993964e7
8414,4,5,1,2,16,grayscale_dirty_lens_1,3,16:4,3,1,2727471dd9218b7013dbae0971fa41db3b5b687c8668edd09d823a358bac2af1
8424,4,5,1,3,16,grayscale_dirty_lens_1,3,16:4,4,0,399f9b5f547f4a1594724eec25ddcb63d482c9a98132d9f8e6ad221557f4c952
8524,4,5,3,3,16,grayscale_dirty_lens_1,3,16:4,5,0,532e4ab96231a5c23fe491d7ceef90abc6c1d945f9ace63b84bb189105db8728
8434,4,5,1,4,16,grayscale_dirty_lens_1,3,16:4,6,0,6e45904b16f635bb88264ab95d496df535eb3683eb1067fdc0db4fca70dc9da1
8404,4,5,1,1,16,grayscale_dirty_lens_1,3,16:4,7,0,854c078941e27c11d68a1cd1a6a37072931da59b02a4ed1702127dcddc536d0d
8484,4,5,2,4,16,grayscale_dirty_lens_1,3,16:4,8,0,91a2c0b651934cfe8a59c6ad03790b4f1c78c4987598d8055cd131d7b0d80be2
8504,4,5,3,1,16,grayscale_dirty_lens_1,3,16:4,9,0,91f04eb257ebda0752b780a89585618a3dc69d2f776379edd08571256f5edfae
8544,4,5,3,5,16,grayscale_dirty_lens_1,3,16:4,10,0,a10793410e3aeb0daaef7859671dee76eb30fb2e299dacf4218824ae06b9cc99
8474,4,5,2,3,16,grayscale_dirty_lens_1,3,16:4,11,0,ad4babd11dcf38803c2c38562efb9f34e1a654df142d6bfde1e712ad01c30290
8534,4,5,3,4,16,grayscale_dirty_lens_1,3,16:4,12,0,b77a92f2d4958129d0ff2288dfff603a853c4fa04d1da35f97c702b9a3ee62ab
8454,4,5,2,1,16,grayscale_dirty_lens_1,3,16:4,13,0,c15ff8ea419ad66291213e2bfcbdc1af8d029a2475670f54e1cdfa5142a1eb46
8494,4,5,2,5,16,grayscale_dirty_lens_1,3,16:4,14,0,e73ddfaca36c1423927dc9bc9bf710784ca160cb3a0cb559e14fd3eef7f3a77d
8464,4,5,2,2,16,grayscale_dirty_lens_1,3,16:4,15,0,fb4d229335a11c78db99f5b465019c99fe846451d4dbaab4dbcf7b5317d1756c
8505,5,6,3,1,16,grayscale_dirty_lens_1,3,16:5,1,1,0924daf67e3299cedf94042aa8ab72137af39995fdc459a2e47fd47d0e7039e0
8535,5,6,3,4,16,grayscale_dirty_lens_1,3,16:5,2,1,1411eb995d9123e2b3e44c66723a3b51473badf7ac070bcb080ecee5c5d3476c
8455,5,6,2,1,16,grayscale_dirty_lens_1,3,16:5,3,1,21ca5cef166e9d49d95accdc2167ffbd6616d8d5b1b19da9ad0fa03b16786f7f
8425,5,6,1,3,16,grayscale_dirty_lens_1,3,16:5,4,0,34b444c8232996508a1684adbecedbb1d757e923f48ff8cdc2127676a1d84b58
8405,5,6,1,1,16,grayscale_dirty_lens_1,3,16:5,5,0,443fb8d2198b35e95cb48d47a9a07b6b110301a7cd4df79c8eb66ade38145352
8415,5,6,1,2,16,grayscale_dirty_lens_1,3,16:5,6,0,547c4788d73bf894b388cc393b7fc819dbf96b32e63ceefc1b2006057ea3a78c
8545,5,6,3,5,16,grayscale_dirty_lens_1,3,16:5,7,0,555afb54b00ce075325ab743b904afefe6ea3256ad274fd8654d05ed23c3644a
8515,5,6,3,2,16,grayscale_dirty_lens_1,3,16:5,8,0,639311c9d9387a0343404c635bb00fc54ae19f832399450efeec153f349a0aad
8465,5,6,2,2,16,grayscale_dirty_lens_1,3,16:5,9,0,70e4c50e45986a862588708c5e9135e1515a76a5a684eec7e19a669711a8d728
8495,5,6,2,5,16,grayscale_dirty_lens_1,3,16:5,10,0,7e607b9d1b8d4ff9d044d9d5987a63b2c59ac9fb73d24e4c199e408eb1c8f5b9
8475,5,6,2,3,16,grayscale_dirty_lens_1,3,16:5,11,0,98b4e641c4fd739c94dc5125cade96a4a2ad5135e1c64b9136f2b9fe750cffe1
8445,5,6,1,5,16,grayscale_dirty_lens_1,3,16:5,12,0,a4e88f2c09b0b182bdb586b26abd21608a6f9b6bbddc3d76b977cf25f7bcff9e
8435,5,6,1,4,16,grayscale_dirty_lens_1,3,16:5,13,0,b7abf82762f0cfcb08653c4dc68de1fdb1bf0d7dcf2608b392a7be85b0be23fb
8525,5,6,3,3,16,grayscale_dirty_lens_1,3,16:5,14,0,b7afac069af3507c381b1d30f6eb6b857613190d662b4a0bfa51e2ee5ae965e9
8485,5,6,2,4,16,grayscale_dirty_lens_1,3,16:5,15,0,cbce0d678131dc8398b968ee0cb41180cab6714cb5eaecb9815b83a6be722cc6
8406,6,7,1,1,16,grayscale_dirty_lens_1,3,16:6,1,1,1cc05ed8ae75ed96175a71a0c0ea4b5c73e35c5dea5e8509d15a0a6582bbbfb5
8456,6,7,2,1,16,grayscale_dirty_lens_1,3,16:6,2,1,1f5df60b16ba14f64f2ae10df0f8325fe4ac7cbc995fa6a16e94442175e34d80
8416,6,7,1,2,16,grayscale_dirty_lens_1,3,16:6,3,1,386706b55176470245d5a10ee10cebb46cc4282dda3a37b5f2aecb4b4866864b
8436,6,7,1,4,16,grayscale_dirty_lens_1,3,16:6,4,0,5bb32a052cfe14930117e9369890c04ad6cf3467d0632d462707b67c70966949
8496,6,7,2,5,16,grayscale_dirty_lens_1,3,16:6,5,0,64d182f16d28d51b57360a47bff38a111056c4a6f8596136ba5c90d229f79980
8486,6,7,2,4,16,grayscale_dirty_lens_1,3,16:6,6,0,8d1f2f101d0bb4ab058e309658aec5642d2a58b05bd3632ebe61ed15b2db78d9
8506,6,7,3,1,16,grayscale_dirty_lens_1,3,16:6,7,0,9495a42c25eaf63c494ba20290d3248c2836cd9c04c87c0866b969418c507b6b
8446,6,7,1,5,16,grayscale_dirty_lens_1,3,16:6,8,0,a08026bb5aa199610f7c060b070c2ae231fe39d5eabf108fd1ef41721d816160
8536,6,7,3,4,16,grayscale_dirty_lens_1,3,16:6,9,0,a46d7422782f3052a94b7f01c604c90ea660617ff886d45addc059582ace27a8
8516,6,7,3,2,16,grayscale_dirty_lens_1,3,16:6,10,0,ad310f4445616649f00ed5bc1e764328768409b03be08bc9ef97db2615eb1fac
8546,6,7,3,5,16,grayscale_dirty_lens_1,3,16:6,11,0,b4bda9f79b6a2ca6483cdbe90f725c11ac2bcd7067c3d6541b3403db0b8ca18f
8526,6,7,3,3,16,grayscale_dirty_lens_1,3,16:6,12,0,c53d557a91a1d6287629a632b61f0d4a50b116472702fc431b6c654ed3e8dda9
8426,6,7,1,3,16,grayscale_dirty_lens_1,3,16:6,13,0,cb6e45d11d2ea79e5c3ae0af2bee47d2fd8de549a2b0ffe5d709d7fa51219acf
8476,6,7,2,3,16,grayscale_dirty_lens_1,3,16:6,14,0,d64fb04d3362121b94f3821d2926565788b04bffefe13a9658ece3543ae4c9d1
8466,6,7,2,2,16,grayscale_dirty_lens_1,3,16:6,15,0,d7f7f0bb97d625f1f7cb24c4bf86e11bcfef494e92a5966248c8563ba152a1e2
8477,7,8,2,3,16,grayscale_dirty_lens_1,3,16:7,1,1,0563f63c217861c4672a1a09a41c5b58475be3a4dc3ff492527d03f81b2f4426
8427,7,8,1,3,16,grayscale_dirty_lens_1,3,16:7,2,1,09ba7488e863b69c1ecc1d852ea99619d9000e6d751a841e2d92f1acb04fc413
8497,7,8,2,5,16,grayscale_dirty_lens_1,3,16:7,3,1,0aa81a8f5c22e75e19f5da105dd664bdb78ccd0b348fb2ae04a9e7aa13723349
8537,7,8,3,4,16,grayscale_dirty_lens_1,3,16:7,4,0,0f34dc00b0a4cf51745167ec083d1142b1e917bcf72ac9e21e282525243dacd6
8417,7,8,1,2,16,grayscale_dirty_lens_1,3,16:7,5,0,10c2aa0f6b8ad2c5f1a2e37a4d6ac8bb3923386243d324b8d1aa9a7d03e85d76
8527,7,8,3,3,16,grayscale_dirty_lens_1,3,16:7,6,0,1397b466968180ee56cd65e79e2d2ae35dd5a9889afe8b03609a73dd1da9320e
8467,7,8,2,2,16,grayscale_dirty_lens_1,3,16:7,7,0,1b3622c63bb719c78f82fd08cdbad89b464233d81f67ba0601d0a5bf54adea99
8547,7,8,3,5,16,grayscale_dirty_lens_1,3,16:7,8,0,203541d4de29b04f27203ed26e96b83c48f562ab7cede9ea862b6f1f06aa2082
8447,7,8,1,5,16,grayscale_dirty_lens_1,3,16:7,9,0,43a2600af29729a224e4b839239e478702660b3fdaf057a3649e4dd8d392d54b
8487,7,8,2,4,16,grayscale_dirty_lens_1,3,16:7,10,0,4fdaca091d10ae5cede46e145a1813b4ddecd8b0843eea533e49e331338fd4c7
8517,7,8,3,2,16,grayscale_dirty_lens_1,3,16:7,11,0,7a6f90a82a025a86816d8883fa7d3f5cafb5de9e268486f7781bfbaa5178e41e
8507,7,8,3,1,16,grayscale_dirty_lens_1,3,16:7,12,0,87ada16e0df1b59db33efe91af9dd9c3ce68c1172e10358b2d18035d9e91861b
8437,7,8,1,4,16,grayscale_dirty_lens_1,3,16:7,13,0,905647a670d468a2526e56dcd56755313b9b06d85d1fac15785c0c03fa1eb696
8407,7,8,1,1,16,grayscale_dirty_lens_1,3,16:7,14,0,9f5f33363eb4ff87c339fd83e065f76aaacd6a709ed6de21470d517c077b331e
8457,7,8,2,1,16,grayscale_dirty_lens_1,3,16:7,15,0,de277b2d98025a10bda0179dcf7d692ae92adce385f6a366779a1886c6cc9a4b
8498,8,9,2,5,16,grayscale_dirty_lens_1,3,16:8,1,1,1547feec04eb7671fcb7de9cf49174c944dd1ebde58488880fed4998578f7fa2
8418,8,9,1,2,16,grayscale_dirty_lens_1,3,16:8,2,1,216b1def1df2c8e9b2af97418d13c2720750a841101036585537aedc7ecfc59b
8478,8,9,2,3,16,grayscale_dirty_lens_1,3,16:8,3,1,367e66737621b11690d74ad6a25ed9efe10c4a26b6f710401ed27fe08445604e
8518,8,9,3,2,16,grayscale_dirty_lens_1,3,16:8,4,0,51bc94015149bbcbab8a05fdc9f6e10ad6792dd9ece7a1405fb21ff98759defe
8458,8,9,2,1,16,grayscale_dirty_lens_1,3,16:8,5,0,52f7c9f4a112d03fe526ec1e20a2e96b5614b7bcde15f0eef5e3cbf495306e05
8408,8,9,1,1,16,grayscale_dirty_lens_1,3,16:8,6,0,7e9015f2a8dca62550f2c9da87f97bfcebf6604a7725c06747c1fd38cafe273d
8468,8,9,2,2,16,grayscale_dirty_lens_1,3,16:8,7,0,90f74aa5c853530ac2dfde150a54505ce63b4e76c82d8b8605ed3d0840f78473
8488,8,9,2,4,16,grayscale_dirty_lens_1,3,16:8,8,0,b1e4d6e52448eea97439edc7357d5f5e5950f20d1b9267f67de2f64f97f05080
8508,8,9,3,1,16,grayscale_dirty_lens_1,3,16:8,9,0,b755e7972a2c9b4849dabfae80f9c0868483cd586519066c6135d5e9d0df4d42
8538,8,9,3,4,16,grayscale_dirty_lens_1,3,16:8,10,0,bd2d0d336797ebbc0200c6c9f4e75b597b3ea05545997eb4b1d385f5570bf3da
8548,8,9,3,5,16,grayscale_dirty_lens_1,3,16:8,11,0,d45527e0b82d21288a98efcb86c810c0ff31813b269117b5a9f20b5576241d01
8438,8,9,1,4,16,grayscale_dirty_lens_1,3,16:8,12,0,db3c03c9142dce113bbd0bc44b56ddbfbbd353cefc2d1e637e5ec36faf3ce5f1
8448,8,9,1,5,16,grayscale_dirty_lens_1,3,16:8,13,0,eb473431df55fd4e91f397e324104d1bbb4edcf6050bb1a1016db0f1dd601771
8428,8,9,1,3,16,grayscale_dirty_lens_1,3,16:8,14,0,f5c2e20a902a8243c95cfdf2071c6b2f2d4257539ac5a44504904dc86bffd3c0
8528,8,9,3,3,16,grayscale_dirty_lens_1,3,16:8,15,0,fdeec606f3ec7eaf691d1305d6757ded56a26977b7a6e74b35dfce6cf0882970
8439,9,10,1,4,16,grayscale_dirty_lens_1,3,16:9,1,1,1d62072672e5f2c5b3b2ee4926b6bdb8ce7258ce42012fc84627a5bfab9611f2
8409,9,10,1,1,16,grayscale_dirty_lens_1,3,16:9,2,1,1ec9ecc1c5969a08a11ae720d44b14a55568fe4725cff86ac8f8179a3d963a2c
8469,9,10,2,2,16,grayscale_dirty_lens_1,3,16:9,3,1,1f599621c2e7a2a97c9ee77864d33023430010d8722d6f75dd0e1308d31a575f
8449,9,10,1,5,16,grayscale_dirty_lens_1,3,16:9,4,0,30c2a2a9c71f61f32aea942f6edce051037a6fbff8e423476b2bd6782ad10490
8479,9,10,2,3,16,grayscale_dirty_lens_1,3,16:9,5,0,390edf9cc49504acbd1683bd6164e78a7d499440a5cf610097d0ead61847088c
8509,9,10,3,1,16,grayscale_dirty_lens_1,3,16:9,6,0,412fba2d1464bb81f95dccf11e620f48851a9c2e4a2bc61fe2d2bc2e74499c7e
8459,9,10,2,1,16,grayscale_dirty_lens_1,3,16:9,7,0,4fd2777712cf0274271d9c305db77e17c798da3a63f97f646dc7e75ef1f0f0c1
8519,9,10,3,2,16,grayscale_dirty_lens_1,3,16:9,8,0,6775a5b5073029fc8d5e81ada8053e5eb8524f3e187b42de178572069cd2674c
8539,9,10,3,4,16,grayscale_dirty_lens_1,3,16:9,9,0,67cc8e7f7a0b18f7a0e373432aa2b58a8a5d53ceb42a337ded616e09b41dc829
8429,9,10,1,3,16,grayscale_dirty_lens_1,3,16:9,10,0,67decb06c44bc7249ab4ad04cd3d4a403d5e77206257ceba1b15a42a0231d8b8
8499,9,10,2,5,16,grayscale_dirty_lens_1,3,16:9,11,0,699b08c89e6703265882bb0d4bc89c21699eef653f5aedd4a0aeaaa6cde40a92
8489,9,10,2,4,16,grayscale_dirty_lens_1,3,16:9,12,0,a01c51bc7a5505e68ffd4ae9cba768aa6de8e16000a92a5f0dc3bd58c40a703f
8419,9,10,1,2,16,grayscale_dirty_lens_1,3,16:9,13,0,cfdbf8df04a95d0013e19c23b2c1867474ea7103fd0bccec133760d21194fddc
8549,9,10,3,5,16,grayscale_dirty_lens_1,3,16:9,14,0,e75ef665412ff894033eea7edbf4942099f50a5139fad74d765d365d6d486a07
8529,9,10,3,3,16,grayscale_dirty_lens_1,3,16:9,15,0,ebc0c81d600d5de0b3e6354be106403aa6c60f65110833abbca3e5384b381a37
9120,0,1,3,3,17,grayscale_dirty_lens_2,3,17:0,1,1,0bf26c51f480e70b50c1f4174ac78e15b4c0bccfca45e82c901cc12ca268811a
9040,0,1,1,5,17,grayscale_dirty_lens_2,3,17:0,2,1,1249c09b6a27c35a41722275b46b4bf513e5e543f24d1decd6b562c599883fb9
9060,0,1,2,2,17,grayscale_dirty_lens_2,3,17:0,3,1,2caf2857afdfcefbb7960a0084f6b2df357ae052813248311570b81a92690eee
9070,0,1,2,3,17,grayscale_dirty_lens_2,3,17:0,4,0,2d4ad76ed7094b72fdff164de46f4ff12d786132843fe9a9b65f2eb219cb60e2
9140,0,1,3,5,17,grayscale_dirty_lens_2,3,17:0,5,0,30cf5fd8afe57ca740e1689fcf4fa887092b03097636f762bd40d529d323741b
9030,0,1,1,4,17,grayscale_dirty_lens_2,3,17:0,6,0,4fa0a41143f8ae34f9d9b8c41af1d487e1f1f28ddbe118b0148cc050c13ef1a6
9090,0,1,2,5,17,grayscale_dirty_lens_2,3,17:0,7,0,6e4802734c29b0c1f710fe15bef6e772afbc58cca3a5c01d878cbb479aa56b45
9130,0,1,3,4,17,grayscale_dirty_lens_2,3,17:0,8,0,84a6a2833f2c6e917a708b6f0fe371bb23b5e9994f6b88c18fbea8bef2c2f1cf
9100,0,1,3,1,17,grayscale_dirty_lens_2,3,17:0,9,0,8abd2e3eb1d81dce9d02b0358adcfa256ff0e0bdc209fbd72daffc14def6e396
9110,0,1,3,2,17,grayscale_dirty_lens_2,3,17:0,10,0,a780d707171387c549e0807405320bac90c3e172f0c5881916206ad5b1456022
9050,0,1,2,1,17,grayscale_dirty_lens_2,3,17:0,11,0,b29ff44136eb526d1d3ac6f5876cb979bdd6aaa8937a3ac0cca22218bd6a88ec
9020,0,1,1,3,17,grayscale_dirty_lens_2,3,17:0,12,0,cc72cf77e591763d24e9add92a1cfcefa4cb31cc91382251d9b7f0e2c62f8eb8
9010,0,1,1,2,17,grayscale_dirty_lens_2,3,17:0,13,0,d15e5d91b2cd731fc08150e173da71f6cb331ee142317566d232e3c13fbd20a3
9080,0,1,2,4,17,grayscale_dirty_lens_2,3,17:0,14,0,e2a700c77dcf493d3758ad11f4f7ae929285f2b0b8a4d4b1f58c05fdf59e846d
9000,0,1,1,1,17,grayscale_dirty_lens_2,3,17:0,15,0,ea19722fae68658e3fd3a4453ad1fa76b80b5dd14bd1e700e7e3f979507c9c79
9081,1,2,2,4,17,grayscale_dirty_lens_2,3,17:1,1,1,029777afdc8cda63b1c07a1244464ef73d568a1dd3c4750da11b9886eb522fa2
9061,1,2,2,2,17,grayscale_dirty_lens_2,3,17:1,2,1,286eee63590f971f1b039e6b5b8b8263669ec87e62245d8a47ec2171fe13af93
9041,1,2,1,5,17,grayscale_dirty_lens_2,3,17:1,3,1,30d1f1f19a0989a9ad48fc53346c31b316c383066fd8d0b802955221f800ca14
9001,1,2,1,1,17,grayscale_dirty_lens_2,3,17:1,4,0,343baad9a0462cb510db662ae669cbb7a7b12905304ed4ed14e9d65b593051b2
9031,1,2,1,4,17,grayscale_dirty_lens_2,3,17:1,5,0,44d819647ee9181be6fb53434bcc709093387acb2f34dc55a26dd2c83c55e289
9011,1,2,1,2,17,grayscale_dirty_lens_2,3,17:1,6,0,7e05f502cfed7a82e00ecf46ec0496e80ca9416d3f67889159fd99784f9dd8fb
9071,1,2,2,3,17,grayscale_dirty_lens_2,3,17:1,7,0,842f7f2bbeb353146e8aa227310479d4ef25acbd9d6e40207f96565e2087b10c
9051,1,2,2,1,17,grayscale_dirty_lens_2,3,17:1,8,0,8d3a211d5a81ece83f38a9895e3996da880ef370b2fa193a3cde2ec55c2c9d37
9111,1,2,3,2,17,grayscale_dirty_lens_2,3,17:1,9,0,a9041feef25e6540c7b4c69d0f52bc9e9f32f9ef3b0ac7a9b175d3968e86b9f5
9021,1,2,1,3,17,grayscale_dirty_lens_2,3,17:1,10,0,ac3dd1d5a256bce3fbb783a48fc4c5acff04cb155612302212b4ec98d97f6245
9141,1,2,3,5,17,grayscale_dirty_lens_2,3,17:1,11,0,b3404d43a0b01993146168aa3c3877c2887f38fbf401a2b89a2a235e614196d4
9101,1,2,3,1,17,grayscale_dirty_lens_2,3,17:1,12,0,b938dd1d60a647a4261955310b0b8a27f81ad0d4cd08ed6a13dd731d93cc3d7d
9121,1,2,3,3,17,grayscale_dirty_lens_2,3,17:1,13,0,bbd11025596875afe2cea038037eb5c0816bd2f2968d0d94fe243478c23cbd52
9131,1,2,3,4,17,grayscale_dirty_lens_2,3,17:1,14,0,e86452e8d0b2567ca4355f2d0fb321e448c5040818ce0e29b72921a76f1b9424
9091,1,2,2,5,17,grayscale_dirty_lens_2,3,17:1,15,0,e9232c79ddd47a769a4016bb2c928e59e44642d784a6b03193c30fbc0b1e7718
9082,2,3,2,4,17,grayscale_dirty_lens_2,3,17:2,1,1,0529ec20ad5dca12f24b8feea769d3e35dc7d0f987a1a9393daf476197361a53
9072,2,3,2,3,17,grayscale_dirty_lens_2,3,17:2,2,1,0a25f8ff57bcaf923a57df3030036b5276003d1701c35d22855edebd70229f56
9002,2,3,1,1,17,grayscale_dirty_lens_2,3,17:2,3,1,275912df19f403210279c8ea650e4257eef5d06de3b685deeb78be5ce72a1015
9132,2,3,3,4,17,grayscale_dirty_lens_2,3,17:2,4,0,337c0498e1ebb7f241da2038359d145e3edb4b9fb6cc018b8b9b761bfa172ade
9102,2,3,3,1,17,grayscale_dirty_lens_2,3,17:2,5,0,478120e978dcc8a0267f442a4bad339f6fd80be6f6553bceebf9a58c48d02ca2
9052,2,3,2,1,17,grayscale_dirty_lens_2,3,17:2,6,0,48788585351e73dec117fc2336b2fec7a2f095e1a82d2f3f480f334fb984c9ba
9012,2,3,1,2,17,grayscale_dirty_lens_2,3,17:2,7,0,4ff40e2e937c6c8a6893013a27f06d25539ac123148c57f90470ea9a85d626e8
9042,2,3,1,5,17,grayscale_dirty_lens_2,3,17:2,8,0,60e4004f1da0e897eb7acd130b6652af6f17ceb5a79941e51191ac640d27d6d2
9112,2,3,3,2,17,grayscale_dirty_lens_2,3,17:2,9,0,80a33bef1b65445a8bdfdb676584fe8fe0a65d280ef9d6e8b7ddfb540ef7a4b4
9062,2,3,2,2,17,grayscale_dirty_lens_2,3,17:2,10,0,82ac67111b15a261f776a420e8220003943974a288eb909ef65b00159308b1fd
9022,2,3,1,3,17,grayscale_dirty_lens_2,3,17:2,11,0,962b12340dfeded0285713fcf0b8a29932b06c3b4e7ec63aa4387b9a518fedeb
9032,2,3,1,4,17,grayscale_dirty_lens_2,3,17:2,12,0,96f147ea74b72cbe90cb50b4c62dfafb512294557385ad011d7b31b599a58132
9092,2,3,2,5,17,grayscale_dirty_lens_2,3,17:2,13,0,9b267419504bbd49736ef2d059618631365a76d1636d4ed28878786d5c04ae13
9122,2,3,3,3,17,grayscale_dirty_lens_2,3,17:2,14,0,a1ad2f89ef767127228ab5eef0639617d953ab0fff8c12787df4b2adf1cc4809
9142,2,3,3,5,17,grayscale_dirty_lens_2,3,17:2,15,0,ddb77fd95e983014c5919ec62d94c37627117c42cc261bc5b92c45d4940bb2e1
9143,3,4,3,5,17,grayscale_dirty_lens_2,3,17:3,1,1,00cec07386a04727f812ae1a223a85fd82922bbeb25390bfb1fa423bedd03d1d
9053,3,4,2,1,17,grayscale_dirty_lens_2,3,17:3,2,1,463eb88a538c9f936f46b38b56057797e278409ede9a0391a32e4767387004fa
9103,3,4,3,1,17,grayscale_dirty_lens_2,3,17:3,3,1,499201ea1e4b8795ba768ef4f25693a3383f9a4f85fc058ce047577ed3f4fbc8
9093,3,4,2,5,17,grayscale_dirty_lens_2,3,17:3,4,0,70f6be5974a64c150791ba3315be20754447bdd78992ff0f1aa739211b5be250
9063,3,4,2,2,17,grayscale_dirty_lens_2,3,17:3,5,0,9d13309f3b5954c485474151adb4f0467bdc22de0ef653459a14dd9bc98ebc35
9123,3,4,3,3,17,grayscale_dirty_lens_2,3,17:3,6,0,b8fbb30520eba74aba1c182b8be22d9fde6e28f8ba1331315007ae6f9c0ae4a1
9133,3,4,3,4,17,grayscale_dirty_lens_2,3,17:3,7,0,bb90c71838a81dfa33ec6dde28dc9bfdda0aee696b6dbe097640fcf538b5e4e5
9073,3,4,2,3,17,grayscale_dirty_lens_2,3,17:3,8,0,ccbc40ca0fb057edd336c58c07c815dd193d8faaf1b04547f4603926b36b0c60
9013,3,4,1,2,17,grayscale_dirty_lens_2,3,17:3,9,0,cf9f479e8728c89e9b945fa36b55510105d7f496550af7e84228db7aa472184a
9083,3,4,2,4,17,grayscale_dirty_lens_2,3,17:3,10,0,de7e36bea619f12cbe2a938307b944babc4daf2d09e1977d10f21ef111e35bb1
9113,3,4,3,2,17,grayscale_dirty_lens_2,3,17:3,11,0,dfb4c778cda3299da7ad88fd90a0e9d2afabc64562b8c4f32d0bb3eabb8db70a
9043,3,4,1,5,17,grayscale_dirty_lens_2,3,17:3,12,0,f5616208886893540467c43a66ee0de03921893830d15336871fa657d72cb52c
9023,3,4,1,3,17,grayscale_dirty_lens_2,3,17:3,13,0,f9c2d5e4cc3a4d96a6b4b5737feb40ba6ebaf1bfa51fe2911cb55bff8c8143b3
9033,3,4,1,4,17,grayscale_dirty_lens_2,3,17:3,14,0,fb9e893a20162504ab51c7e807e064f1e2a95e3eb483f2042942d25a036882cb
9003,3,4,1,1,17,grayscale_dirty_lens_2,3,17:3,15,0,fddaefe827edb46630953acba925972ec78bfdb578bef68e18cbb74a6741f5e2
9004,4,5,1,1,17,grayscale_dirty_lens_2,3,17:4,1,1,035777c25c731299600f200198867ed6dfedb25d00418d7bfb93080e9eee3d08
9044,4,5,1,5,17,grayscale_dirty_lens_2,3,17:4,2,1,075dea69b289556f33c0bc8a8e34f4f2b67c3617a9010633ab4fb462e6d87f9d
9014,4,5,1,2,17,grayscale_dirty_lens_2,3,17:4,3,1,0ebce64fcaabab1e0ebf9933e2c5e88dfea5160d098d9bea77630d52d666f793
9064,4,5,2,2,17,grayscale_dirty_lens_2,3,17:4,4,0,1c9babd0ae8d4c8066d50d134d16b9cea24da41fc51065ff81bfca01f3829e4b
9074,4,5,2,3,17,grayscale_dirty_lens_2,3,17:4,5,0,1ca3ec1b7fe5380fe06e486241950a33a69a9dc40f526e1ae465bcb6e56c0a11
9114,4,5,3,2,17,grayscale_dirty_lens_2,3,17:4,6,0,3d4a2f1dbd5486e6551fc907ca1707a89f455b4fdd7d4c2d7dd6a1cb0001ae02
9144,4,5,3,5,17,grayscale_dirty_lens_2,3,17:4,7,0,5bed81294bcb59c8754b3d4cd33726115dfde051d5db281723e6c716d111b047
9104,4,5,3,1,17,grayscale_dirty_lens_2,3,17:4,8,0,6066e2c9b62f6cfe3cea0cec1c0bd328ef297ae30dc8b3560cbded216bb0f090
9124,4,5,3,3,17,grayscale_dirty_lens_2,3,17:4,9,0,6b45713ec45c226aa21677474813c904cd9f919de1fa8750fd53d58f62b7fc97
9084,4,5,2,4,17,grayscale_dirty_lens_2,3,17:4,10,0,72817fde1c4c05d238a71a20566a39381adea6c9bf47cea445d7c3853a3df40f
9134,4,5,3,4,17,grayscale_dirty_lens_2,3,17:4,11,0,9490747d99b5d4deda4ba9fb18e1a21184c0a9dc9856d451b6ac6e349884acfc
9094,4,5,2,5,17,grayscale_dirty_lens_2,3,17:4,12,0,a3ba0476c1e0ebb3407e4b890e662332e8f3b0cdbc33342929f8e358523c0020
9024,4,5,1,3,17,grayscale_dirty_lens_2,3,17:4,13,0,ad4bb0aa7be03e19d604c74bda0aa5ac7193bb25f61d0b6b595773c761a1bbb3
9054,4,5,2,1,17,grayscale_dirty_lens_2,3,17:4,14,0,b9a50d90cb549bfceef00ff76a8afe64f2a01a24424aa81d5b68b1eba5a10cba
9034,4,5,1,4,17,grayscale_dirty_lens_2,3,17:4,15,0,cb7d69a5f876d3ac43bccb750f0488891f590bce4edd05b6bfc6228ab8953c05
9135,5,6,3,4,17,grayscale_dirty_lens_2,3,17:5,1,1,20fb89b0f3342ff841b7d584890ae5f9c16b6ac89d1dd19f62bd12c7aaa4b168
9045,5,6,1,5,17,grayscale_dirty_lens_2,3,17:5,2,1,29277215609e3328c567fec474b2ee8ca79e2d0a1bbc1e0de5c50a67e12865f2
9035,5,6,1,4,17,grayscale_dirty_lens_2,3,17:5,3,1,2c154d996f2a85abc7dcc66843af9f12456ec26c9d245177960ef5c633a268fd
9115,5,6,3,2,17,grayscale_dirty_lens_2,3,17:5,4,0,3c32d87e852512dbe8ffa481704395a8ff541ef993f93abe0a9e210a244fde48
9065,5,6,2,2,17,grayscale_dirty_lens_2,3,17:5,5,0,453b734e4065ac177d171bafcb0ee46d98aa941afd3de47ec65afd6ac00006ec
9105,5,6,3,1,17,grayscale_dirty_lens_2,3,17:5,6,0,4bfccef30291be2262979ba54df3c89429f04cd4abce14bda04bfe8b318344a0
9055,5,6,2,1,17,grayscale_dirty_lens_2,3,17:5,7,0,4d0a2a089b36ac4ab0f00b05a78fb32d8a494d3edc29ab87c42308e15f7f32e3
9025,5,6,1,3,17,grayscale_dirty_lens_2,3,17:5,8,0,52b7ef8da7af4fd1e73c8e9eaddfecf83b1ffd90ad2d2dc5f0bec9914a7535bb
9015,5,6,1,2,17,grayscale_dirty_lens_2,3,17:5,9,0,683426708fcc6abf8a05af1c0fceef3a741141040c8e098b0e390e525000aa83
9095,5,6,2,5,17,grayscale_dirty_lens_2,3,17:5,10,0,837d344d700da10d00879130cc6ad43abd705c601c5c706ea48775da3be0839f
9085,5,6,2,4,17,grayscale_dirty_lens_2,3,17:5,11,0,9e2472927fc1e85be5fa28dba88499ae365dcbda40b33ee227cf4ec1e8931470
9005,5,6,1,1,17,grayscale_dirty_lens_2,3,17:5,12,0,a0b6f95102c499de1822557f9432a92060f8772faaa8941dc31e11f1f7497c87
9145,5,6,3,5,17,grayscale_dirty_lens_2,3,17:5,13,0,d66723902b3632c86ae0a40de7bc883eccc83efce14e36399490432e8d8d8914
9125,5,6,3,3,17,grayscale_dirty_lens_2,3,17:5,14,0,db8c7352a3fb9bacd40cb583bf567c0f6895374122e230799f76754dfddf26fc
9075,5,6,2,3,17,grayscale_dirty_lens_2,3,17:5,15,0,ee86356a7ebf594591560f095ba043b57c29b6e87251d90e24dbf603dda6705e
9036,6,7,1,4,17,grayscale_dirty_lens_2,3,17:6,1,1,17584bc9d32d8c25f110b0185288dde97e610a273c1e2b3941cde092b7a384b3
9096,6,7,2,5,17,grayscale_dirty_lens_2,3,17:6,2,1,2ddbad4d7df5bd3c1878c4db37782df4100dfae3f3a04312f3ac3f7a10cefa61
9056,6,7,2,1,17,grayscale_dirty_lens_2,3,17:6,3,1,3d92b281002104062e70cda6c34c4de4c4cba665a411a19690dce022ee4b5a09
9016,6,7,1,2,17,grayscale_dirty_lens_2,3,17:6,4,0,5b06b0e899fbd8e4568dd675b76029c8c7fe7d52d68308b135085ef346367afc
9146,6,7,3,5,17,grayscale_dirty_lens_2,3,17:6,5,0,6d3d55b18278cd7601837c7c0d3e580b68d125d0a2d438ca860292f13cac3812
9106,6,7,3,1,17,grayscale_dirty_lens_2,3,17:6,6,0,74efba866b320a1c8b1feaaa1ebc212a422120e5440fe4095d7338c4b8e58c23
9026,6,7,1,3,17,grayscale_dirty_lens_2,3,17:6,7,0,888069aa3dd7a3bf680cadea894c4ab5683bcc2f4de375a365864c0b2b809116
9066,6,7,2,2,17,grayscale_dirty_lens_2,3,17:6,8,0,9937147ccc8fef2f5df0e67b914e8efadc976b059efe81c127db317062bc495c
9086,6,7,2,4,17,grayscale_dirty_lens_2,3,17:6,9,0,9f4ad7ec958c6a572c80f8fa84ecad71cfea456cf14f57698402c3fa048bc8c0
9116,6,7,3,2,17,grayscale_dirty_lens_2,3,17:6,10,0,9fe0a9785b17a1d492f08080ae1197d67655c95731028907fc95399cf56b33ec
9136,6,7,3,4,17,grayscale_dirty_lens_2,3,17:6,11,0,b922a3eeffd3f07cf6f0f5ea54c4d2965c8a10285c8aea737defe2a41504b44d
9076,6,7,2,3,17,grayscale_dirty_lens_2,3,17:6,12,0,cb1dc06d5b02ba7be481021cd8e1df0bb153a2a27e76792431a126b98708e116
9126,6,7,3,3,17,grayscale_dirty_lens_2,3,17:6,13,0,cf8368f782325fcce0113e2c49aeb34dfd38bf187ca4c2ba8f689d1c65a08d3c
9006,6,7,1,1,17,grayscale_dirty_lens_2,3,17:6,14,0,e5d07d95f28ebe5973982996019e56188aa3dca77a4685a411ba6fa4f2e79831
9046,6,7,1,5,17,grayscale_dirty_lens_2,3,17:6,15,0,f2f9db8f3ad0ead2632f9f6e141239c93e04553777afb11e4a50b845a366ba13
9077,7,8,2,3,17,grayscale_dirty_lens_2,3,17:7,1,1,02cba7ec3699d54c918a5c1a56a23f24f5defa5433486513d928946c03ea938d
9127,7,8,3,3,17,grayscale_dirty_lens_2,3,17:7,2,1,2bb8299c5fedd14cc70d6bdd83189156f4ee5f80e5bbfb4593fa5dd7e48d2f13
9147,7,8,3,5,17,grayscale_dirty_lens_2,3,17:7,3,1,35e23aa9ccad9d7300d0192eaafe4e91119bb65ca933229262d9fbdff17d8eb4
9137,7,8,3,4,17,grayscale_dirty_lens_2,3,17:7,4,0,3680c1fd396f57f35378b2aabaa3e035e9f6b45b16cf78cae6e1874fdfa17730
9047,7,8,1,5,17,grayscale_dirty_lens_2,3,17:7,5,0,3dcf8e83a49192f6c3251c918031197f61d97edaebdca2f47157a6ee5f0c35e7
9117,7,8,3,2,17,grayscale_dirty_lens_2,3,17:7,6,0,4b43969cb911b0fede99c6d6c4d466a124ddb2856b9e55e03c26fadff508737e
9067,7,8,2,2,17,grayscale_dirty_lens_2,3,17:7,7,0,5fb7cab75a74e26d16763028531eaffbd39cc587ea21fdb0609da34d8567fef2
9057,7,8,2,1,17,grayscale_dirty_lens_2,3,17:7,8,0,67653a5b5cdd9e9a8467abd4c687cd39e36bf5ffaf147d65b46105f6744f19dc
9037,7,8,1,4,17,grayscale_dirty_lens_2,3,17:7,9,0,6fe04ef42f8af0e6b8210e5a4ec4836f59ef40fece8f820b22afaa3c38b178f4
9097,7,8,2,5,17,grayscale_dirty_lens_2,3,17:7,10,0,71c4bdd209f77c6e033e9dcb6c01bb280abafbb7f36c0946c0d76c5f6878a734
9027,7,8,1,3,17,grayscale_dirty_lens_2,3,17:7,11,0,78100cd43302b2d49aa6fc5860c3f4591bbfceefde43edf8588c120e81f70eed
9017,7,8,1,2,17,grayscale_dirty_lens_2,3,17:7,12,0,c69b58b9a53da8f42c7a322d455eb0dd31ae6be2af7004e6d3f96e3faf3453a5
9087,7,8,2,4,17,grayscale_dirty_lens_2,3,17:7,13,0,cfb619e535fc0ad9e69c73a4fa1b04572d5cf1bd61fabaf9a41b59a9928da57a
9107,7,8,3,1,17,grayscale_dirty_lens_2,3,17:7,14,0,f7b631fd2569bfaf6abeee7a5fe1f60364e3ae654c7fcad0ac751db653922240
9007,7,8,1,1,17,grayscale_dirty_lens_2,3,17:7,15,0,fbb1fc69b900aca3fb3771123d28054c37638dbbb006ae4ce4f1cff1ad550e9f
9048,8,9,1,5,17,grayscale_dirty_lens_2,3,17:8,1,1,0eb074f01c669ab02cc0f18ee8b6100ae06393230ef0c80b5a3ea2767769115e
9118,8,9,3,2,17,grayscale_dirty_lens_2,3,17:8,2,1,0f5923ba5aba8c3c3f3084876c783cbc4b46b8c958e1d606ce2f4a0cace5c109
9148,8,9,3,5,17,grayscale_dirty_lens_2,3,17:8,3,1,151b990698a2488952391d3e64a884f0dfd195aea391376ec9a531b4b17ed314
9058,8,9,2,1,17,grayscale_dirty_lens_2,3,17:8,4,0,1c4b528b7450606caf67eeaf63ddd2256497c323ba55e7bfe015c3c6b45b9611
9028,8,9,1,3,17,grayscale_dirty_lens_2,3,17:8,5,0,3c1c7e4b239ece0477e38e589e5cc197cba636b4999bba88241457a8f9593a2b
9008,8,9,1,1,17,grayscale_dirty_lens_2,3,17:8,6,0,5579f29fbf6eb72bc939b14dc7466cda0274ca53ee625ff17ef1140a157a5cb7
9018,8,9,1,2,17,grayscale_dirty_lens_2,3,17:8,7,0,8178877932000c290262c8778912c39035508ebb4cf8bb66b4ee571c9dacf5cd
9108,8,9,3,1,17,grayscale_dirty_lens_2,3,17:8,8,0,89d648fed279455b2062a9d332e72f4d02a9c4a3c70f664df1d7479c3262df60
9128,8,9,3,3,17,grayscale_dirty_lens_2,3,17:8,9,0,a9d4780888c3ac86ed125d7bfe744caaa405f9ceeb97e0c39d7e397821a72dda
9078,8,9,2,3,17,grayscale_dirty_lens_2,3,17:8,10,0,ac5f4559345ef680f1cc188be12f5808dab86cefa91a0ef7aa4f2450c912619f
9138,8,9,3,4,17,grayscale_dirty_lens_2,3,17:8,11,0,b6ecb15cb11aa8042c377167dc7db5f10773596381f97b4d6c8c099210d16776
9068,8,9,2,2,17,grayscale_dirty_lens_2,3,17:8,12,0,bbace754ec8c108ddd20fff89d1e553dfa53e9c3b854575bcfc32a55250088dd
9038,8,9,1,4,17,grayscale_dirty_lens_2,3,17:8,13,0,c70a99ec1773c18425d65eb5398a02332f93dfb4f98dc31ea8d810160fe869f2
9088,8,9,2,4,17,grayscale_dirty_lens_2,3,17:8,14,0,d5709a6999aead51250c21f682fbfb3c5d7be89315454d9155aacb4e20c1de72
9098,8,9,2,5,17,grayscale_dirty_lens_2,3,17:8,15,0,dbd052547ef4cf8a943e6eeb645d720aee49243a5341e13411ea20af9feb8acc
9119,9,10,3,2,17,grayscale_dirty_lens_2,3,17:9,1,1,0637bde54f3effb0ebfeaaca31e3973a0f42d205b0a6bb4b1883b705d44fccec
9039,9,10,1,4,17,grayscale_dirty_lens_2,3,17:9,2,1,0b3ed0cbe16b1768ddd1f9f73a340e439f1ac23b66ed08ca6fd18f5da030f176
9069,9,10,2,2,17,grayscale_dirty_lens_2,3,17:9,3,1,155cd23850a1e046ffda976da8d574da74a8f88b6a524f87c3f11f44c350da39
9109,9,10,3,1,17,grayscale_dirty_lens_2,3,17:9,4,0,1e08391e2d5f5e5d6544e59961561e1560f04e02fe8aa2bc67916afa3dc9ab76
9079,9,10,2,3,17,grayscale_dirty_lens_2,3,17:9,5,0,272ca6da19f9492b6239b5bf80f471483dd8dcb28f5a5e34ccd24d238b83f111
9009,9,10,1,1,17,grayscale_dirty_lens_2,3,17:9,6,0,2ee610bb06ea040452ca478b083e5ef10fd173c97f9b1b24a5bcc8b5468f7e71
9129,9,10,3,3,17,grayscale_dirty_lens_2,3,17:9,7,0,34b408c38e0e1813a47753b4f9f9ef47baec3512ac853a98a59ceb9074c55ac4
9049,9,10,1,5,17,grayscale_dirty_lens_2,3,17:9,8,0,57c2d63883d3df1b33caf0e662d1fbdfae591502c21f8e5ee93df49a0e119814
9029,9,10,1,3,17,grayscale_dirty_lens_2,3,17:9,9,0,5f3ca529ed8cdc6dd3c33cf6f1234dfc2f17fadc0c79b8eb3b7fc74361611f50
9149,9,10,3,5,17,grayscale_dirty_lens_2,3,17:9,10,0,63e0dfcc79e24fba708274baab3e5da23dd8ad5216fe07cff9a48c410f01ec50
9019,9,10,1,2,17,grayscale_dirty_lens_2,3,17:9,11,0,7d4df4155d188f0d88a91fe4125ebf9c6ed6762c9951508a9663dd8a320fdd82
9089,9,10,2,4,17,grayscale_dirty_lens_2,3,17:9,12,0,830241e442007f6cf7fbb3b793888a496e02e05846b87d333250342d3d363f44
9099,9,10,2,5,17,grayscale_dirty_lens_2,3,17:9,13,0,aeed71c080eea25bd25af82dbe542b1ff82d427495c503fdd9dee6c64ab4dc79
9139,9,10,3,4,17,grayscale_dirty_lens_2,3,17:9,14,0,d7d4b710d546a60bb2f80a3042a0938ebdb4526e9404b6b88c49a348bad2be42
9059,9,10,2,1,17,grayscale_dirty_lens_2,3,17:9,15,0,daaad12ab697edf04918aec7c5827a0e012e1263f91339507eae4b92b08e842c
9630,0,1,1,4,18,grayscale_salt_pepper,3,18:0,1,1,128cffb0decb2a7e6566cb6cf68945d4cc645f0967c83fc64dd19cc72a1359a5
9600,0,1,1,1,18,grayscale_salt_pepper,3,18:0,2,1,1ecf8cb9521cbee26db91bdf73408d4b8aa02160ab937b3ea2912ced8a934c5c
9670,0,1,2,3,18,grayscale_salt_pepper,3,18:0,3,1,30dff21ea8847d68e46dc9c420fe4639d0c322c24f78896fa15b25f593d07354
9610,0,1,1,2,18,grayscale_salt_pepper,3,18:0,4,0,42819fc7e99aebb273ffd1c8acc25c979ecf4128a5c1b27cf769a5c99d055444
9700,0,1,3,1,18,grayscale_salt_pepper,3,18:0,5,0,44f68f1f8ca475e30f0de6baa903938593e6517db01dce531e5fdf57ce9c13cb
9690,0,1,2,5,18,grayscale_salt_pepper,3,18:0,6,0,48b3a26e4da6b4968a6c9e69013803d20ac3cb6377aaeef78918282c2e5fd71b
9660,0,1,2,2,18,grayscale_salt_pepper,3,18:0,7,0,4fdff8398422c47a3d54decab6f4ce75bcb004435beb8e2be23b2c17ac10a932
9710,0,1,3,2,18,grayscale_salt_pepper,3,18:0,8,0,5d0911220d017fa6e8e8e03d87c44fe617ae392b10a7c8c40f4526c161ca17d8
9650,0,1,2,1,18,grayscale_salt_pepper,3,18:0,9,0,5da42530bbe0d3dd6bacda9ff3f0305e7b782ab2610e4f39a8a01062f6908d88
9620,0,1,1,3,18,grayscale_salt_pepper,3,18:0,10,0,79ed87326ed189dacdea32c20bfd06fa1ed21f64c472b3248a1fdea1859704d5
9680,0,1,2,4,18,grayscale_salt_pepper,3,18:0,11,0,822108b33a79d64b9b4ab50952b3072299279290a74ac8b04b1c92820fc73815
9730,0,1,3,4,18,grayscale_salt_pepper,3,18:0,12,0,83c17d1cc68ada674594b00c4dd749a396cdfac992c41f603e22ec1fc2cf411a
9720,0,1,3,3,18,grayscale_salt_pepper,3,18:0,13,0,a5e766a627728e1859f532b44d4cc76507f2c924e267c5075647b660f58e12a9
9740,0,1,3,5,18,grayscale_salt_pepper,3,18:0,14,0,f3ca0183c0a61ace0266ab2ff6341f25657c7ba94d29d538bccd91c8ef06ee0d
9640,0,1,1,5,18,grayscale_salt_pepper,3,18:0,15,0,f7219d6c57514aa87d5791a47afa31160af6e7be88b741841fab07b5e60a8dfe
9741,1,2,3,5,18,grayscale_salt_pepper,3,18:1,1,1,2711e0ebbda5d3557f19e71724a8896bcb924fc7ba624610e1ef4fd20597ca1c
9641,1,2,1,5,18,grayscale_salt_pepper,3,18:1,2,1,29ec01e981656e14a3d93b21330772c111522f481dd971e3a13eaccd0b55e715
9611,1,2,1,2,18,grayscale_salt_pepper,3,18:1,3,1,359599fc8c283626ed65da80711586f0205597c9e8475ce7de491e910612b114
9691,1,2,2,5,18,grayscale_salt_pepper,3,18:1,4,0,3d64c5ccc2e437db98a665ce07f7c3675c41b1172fdb5631006f9fbf274031e8
9731,1,2,3,4,18,grayscale_salt_pepper,3,18:1,5,0,461ab0b400796dc0591c8faf5e32803fb4a1cc06ae38bb86eb462ed3603dc5ab
9671,1,2,2,3,18,grayscale_salt_pepper,3,18:1,6,0,46a3d3fd2b851b5e142b09e83c3f98200f7fc8c391b8f52e012b370d40074d6b
9651,1,2,2,1,18,grayscale_salt_pepper,3,18:1,7,0,5131ed2970e19b712b7ca4fd25504757b0af37d10a3a2e037c93af1602c0da4e
9601,1,2,1,1,18,grayscale_salt_pepper,3,18:1,8,0,560f3907a459c46ec13ef04387438cb5b5029863439ee450c6ae908ceb865697
9621,1,2,1,3,18,grayscale_salt_pepper,3,18:1,9,0,5803af3eade8a8a40e00af19443ea134767da99541e7bdd8dc0f257f1aded3c1
9721,1,2,3,3,18,grayscale_salt_pepper,3,18:1,10,0,6ca83a139c8066d211a4c8e7458e5d837aeb6a1808e38df891b7bf910230ae03
9711,1,2,3,2,18,grayscale_salt_pepper,3,18:1,11,0,75795e17f03b1e6e6b504a164add32fa497cd3e456ba5cb6c94ecc8d5a4d3515
9631,1,2,1,4,18,grayscale_salt_pepper,3,18:1,12,0,81d0a09fa954e11911a0c266e81d4b60a899ffbdad49c7efa205bdbd16607b11
9681,1,2,2,4,18,grayscale_salt_pepper,3,18:1,13,0,8799912b032de3cf7772b4d089ca10f3958b6cd387ed77308a7dde443243057b
9661,1,2,2,2,18,grayscale_salt_pepper,3,18:1,14,0,9e98f4cf275042419788f31c4a99ae4b0e844eef91f082e80a1c083f7da817c4
9701,1,2,3,1,18,grayscale_salt_pepper,3,18:1,15,0,d3a278c69516a036ac7027fc0bf663d2c53c92b315663a94f92dc000f8db82b1
9662,2,3,2,2,18,grayscale_salt_pepper,3,18:2,1,1,38eca8e6e5aa2c602fc6833104f76a2c5f369aa073b7aa66e61fcab610c66b22
9722,2,3,3,3,18,grayscale_salt_pepper,3,18:2,2,1,45591cba8572cf81a3f6e5b995a856b17f551fd5a33c59b2938d0336b2343393
9712,2,3,3,2,18,grayscale_salt_pepper,3,18:2,3,1,4c1c0f669a6fdca8e144f1a779a5293229304c272eda70f01774f07a6cd51dbd
9602,2,3,1,1,18,grayscale_salt_pepper,3,18:2,4,0,5753a2f1d693a4192edad602c632cdf5c711a056deffce74b85043641d508c60
9682,2,3,2,4,18,grayscale_salt_pepper,3,18:2,5,0,5871fe4e9d5ccc00e2759e237928fb68a68ed746c54e86d57694b2a6975b8409
9622,2,3,1,3,18,grayscale_salt_pepper,3,18:2,6,0,8ed45f7f2f78490ee778b84ea116f73c55f8588a6ff62edbffea6bfa214714c5
9702,2,3,3,1,18,grayscale_salt_pepper,3,18:2,7,0,a276263a31a5104b9abc44f6d87f467b96fc01c837d05c985347e7459d60b164
9692,2,3,2,5,18,grayscale_salt_pepper,3,18:2,8,0,ae480b57ef9b1624626aca52c4addb9a0fe21c3248f85aef25936ffd7c354591
9742,2,3,3,5,18,grayscale_salt_pepper,3,18:2,9,0,bb5d34ca46dd4c6d38efcf1aa1d19f22c2d9d537e93fb7c2ad97181b43d1709c
9732,2,3,3,4,18,grayscale_salt_pepper,3,18:2,10,0,e5561f38876afd26afe8808c0d73fc1b4b52f068af07d95de9a0f1bfe250634e
9612,2,3,1,2,18,grayscale_salt_pepper,3,18:2,11,0,e98f6f93314375587f62fec5adf1b12286a99e83b31b99c96e3f62c9f71d3eca
9632,2,3,1,4,18,grayscale_salt_pepper,3,18:2,12,0,eb63737f8a88a51a5d11c91e3150468f772247775254a3f9b6cd58425c3c7019
9652,2,3,2,1,18,grayscale_salt_pepper,3,18:2,13,0,f4af9ed56455916dbbf45fec450e7633a3a2ddc0a41f11ededd62fbc4a2d6143
9642,2,3,1,5,18,grayscale_salt_pepper,3,18:2,14,0,f531bb556843fe3361bb0909a39dd40ce8cfd640321c9713268d27c2040893d2
9672,2,3,2,3,18,grayscale_salt_pepper,3,18:2,15,0,f6959efd2698b6e9dc9d99cf5f3c7cf62a456d2594841d170ba99b517e8fcb90
9743,3,4,3,5,18,grayscale_salt_pepper,3,18:3,1,1,030301bd9bc7d0c5be31835d60a53c099c8dfe821a6973dee27dd2ddbaa8d4a4
9623,3,4,1,3,18,grayscale_salt_pepper,3,18:3,2,1,14319230e7fd25e5018ae738a3a540f2ccc6f2464c7faa518028a4de1fe6ceb3
9603,3,4,1,1,18,grayscale_salt_pepper,3,18:3,3,1,14325cca15d50342f06e4e6fe1054cdbece006f2120b2faacd90765cb9398b90
9633,3,4,1,4,18,grayscale_salt_pepper,3,18:3,4,0,162bacd5a3de5c5721e0b7ab4b3990242ddf7c3fdd7208252a84771956679803
9663,3,4,2,2,18,grayscale_salt_pepper,3,18:3,5,0,2ce3d2364e2a27b3e1b2d7b00bbd6dacac93f0bf355b20a1e6c1bafabb7965cb
9653,3,4,2,1,18,grayscale_salt_pepper,3,18:3,6,0,3d1b7c7dbeda83c44ea2cca752f7caac095dc5ddf3e3413f3b7abf2e562f1a40
9643,3,4,1,5,18,grayscale_salt_pepper,3,18:3,7,0,431267e18259a845d24a6b3d8a467e54b626721edf2261247fb58749d250cfcf
9683,3,4,2,4,18,grayscale_salt_pepper,3,18:3,8,0,60ba648a1ca6cd49df8a6714825bc9e93589aa8031aefbf778b50285594d7e32
9613,3,4,1,2,18,grayscale_salt_pepper,3,18:3,9,0,65ab3990be50226b94f0eb8928b059cd59e3e65ff94496c7009134525fa14725
9713,3,4,3,2,18,grayscale_salt_pepper,3,18:3,10,0,70500c4b8b9d6dd18fc1a71a85564aa3ab09de025dbc48fe7cb7fc2f3d198343
9723,3,4,3,3,18,grayscale_salt_pepper,3,18:3,11,0,8171c6f6a64a5ee71f35a8cbfdb24d0377c089b248ed3d0f5b624b6189fd58f0
9693,3,4,2,5,18,grayscale_salt_pepper,3,18:3,12,0,828a37cb01f22d7a4eb86128b3375b647949c0adbe087c9bb7b35742198bfa05
9703,3,4,3,1,18,grayscale_salt_pepper,3,18:3,13,0,b941ed8af97909fd448e3ebe5362b94fde70e1ed67a38dfe5f6af8b0491474a7
9673,3,4,2,3,18,grayscale_salt_pepper,3,18:3,14,0,c22b508c2ac7bad909e775b1e6a34f741ff8319c548c5520cd21095c5c782e7f
9733,3,4,3,4,18,grayscale_salt_pepper,3,18:3,15,0,f7a94ba29b299862f372745e94932276935c5c675a1399da41488a8d29faa93a
9734,4,5,3,4,18,grayscale_salt_pepper,3,18:4,1,1,22894a95ee3ec953db379533a47c03d18c80296db4a61cc00530d4da17f95041
9654,4,5,2,1,18,grayscale_salt_pepper,3,18:4,2,1,2b19f349f9deb98b467ce37f20b1f033fbbcacd61c0914f4039158ffea9582aa
9674,4,5,2,3,18,grayscale_salt_pepper,3,18:4,3,1,2bea995271ca6c19c5e4f6e2aa779594d798020ccfa64cce3ecda458f5c15d3a
9714,4,5,3,2,18,grayscale_salt_pepper,3,18:4,4,0,30bdb29894764386de4ae80efe6ff05d48875ddce6f7c038747625729d142a76
9684,4,5,2,4,18,grayscale_salt_pepper,3,18:4,5,0,3265a275d360de416e065c0c3fc0a9e7e7c2b88fb5252c9595ea87d053ddffae
9644,4,5,1,5,18,grayscale_salt_pepper,3,18:4,6,0,3276548fbf0945558f04641d05a5a49f4e3b0dc383bb3414a9c38c2d6efd5c32
9604,4,5,1,1,18,grayscale_salt_pepper,3,18:4,7,0,415b80833ada155c823f7dab4ec6c3dd94d4dd736ed5590b1db250cddda94950
9664,4,5,2,2,18,grayscale_salt_pepper,3,18:4,8,0,65d9bfc47588add62a24add7d6f7f1633a127267dc31c75d0c0a13048b9a1dc6
9704,4,5,3,1,18,grayscale_salt_pepper,3,18:4,9,0,66286577e318d9c05a12ef07eca6d4262ce531e1675f6ae5933c894fcf76a37b
9744,4,5,3,5,18,grayscale_salt_pepper,3,18:4,10,0,7d75f8df888481bb47c0fc9f54a320f2ed44cea80e766813ce35c057caca8cc9
9614,4,5,1,2,18,grayscale_salt_pepper,3,18:4,11,0,7fc0107dd4bcd37651bbfcc843ee0f5134f7aec378bd493a632984f48d0a83b1
9624,4,5,1,3,18,grayscale_salt_pepper,3,18:4,12,0,9821389204012a6aedce67c9d03ce5281e40cbb8e08aa7ad8cb9a7de9261fd18
9694,4,5,2,5,18,grayscale_salt_pepper,3,18:4,13,0,accf636d9f5dd6b94e20d5a3839e4e8a502e8a2436979b38befaed06ab6add69
9634,4,5,1,4,18,grayscale_salt_pepper,3,18:4,14,0,bfa954a681fb9f4e34a259c5d5e21e6a5e14b45ecc97f8b9e3dd60bb38ca6e7c
9724,4,5,3,3,18,grayscale_salt_pepper,3,18:4,15,0,dfef435961e8f6d13c9219a359dac4de2ba21e848bf0893323a5e881f4f19aa9
9715,5,6,3,2,18,grayscale_salt_pepper,3,18:5,1,1,0e27fdc00fe1fad870fabb94419ba74dcd4d165733edf351887578dd913a35a0
9745,5,6,3,5,18,grayscale_salt_pepper,3,18:5,2,1,0ff8f21f256d01a6de3d7eb12718956b03fb9c3744c7bede5b84cf4fff6db5fc
9605,5,6,1,1,18,grayscale_salt_pepper,3,18:5,3,1,426cabf7db7d4f1b14adf17cef7295bb5fdbd28d6cbf5368ba48f5fb2f614efa
9615,5,6,1,2,18,grayscale_salt_pepper,3,18:5,4,0,4cfaa0f35f642b94877f69f9122836f5cc5b394736baab574c5ea13ea0c2c4ca
9635,5,6,1,4,18,grayscale_salt_pepper,3,18:5,5,0,538284aed38659004adf97b245c5562516bc363b843878a04d125a984814b64d
9735,5,6,3,4,18,grayscale_salt_pepper,3,18:5,6,0,54da57ab4a1009487f065dd74e5902c9ca84277fdfd2b854afa884fcbed6603a
9655,5,6,2,1,18,grayscale_salt_pepper,3,18:5,7,0,804726fb28c113f68930901e368073248c06770378d6732126cb9377e06e848f
9695,5,6,2,5,18,grayscale_salt_pepper,3,18:5,8,0,a0304622ab4b9266be0a8ba07420853e4000fdfc99d99874de3d2744af358912
9645,5,6,1,5,18,grayscale_salt_pepper,3,18:5,9,0,a610516a18fedb4d4964cc0a6eb7a63002881e26b080b67a7ac350001fd164d2
9625,5,6,1,3,18,grayscale_salt_pepper,3,18:5,10,0,b323387a51b57ded05d476480fb1fb64f80530ffc680751002b7657717a0ddc8
9705,5,6,3,1,18,grayscale_salt_pepper,3,18:5,11,0,be8ddfa236b30b5e194daf5b4748cf4857f3939eaeb3181d3fef78fd51c04252
9665,5,6,2,2,18,grayscale_salt_pepper,3,18:5,12,0,c0968beb22842393bb1dc99f83720794d3dc674708117b9579ddfa1b147efb55
9675,5,6,2,3,18,grayscale_salt_pepper,3,18:5,13,0,c2f7342bf55ed192e69b7d6cbe5e26e6bbf0cd0051509ba5b30ed2f2db349bee
9725,5,6,3,3,18,grayscale_salt_pepper,3,18:5,14,0,c816ed5b7417f308c8a97f05021636c9ed5104434ca7c94024d073f83c33baad
9685,5,6,2,4,18,grayscale_salt_pepper,3,18:5,15,0,de4d0b50d10ec632c04f0c8a172e418a70ce5aeef6b6cbb02b18bbc09fdddc39
9636,6,7,1,4,18,grayscale_salt_pepper,3,18:6,1,1,064a9cd5f597f1969139c4a2edaae78b84c7df37a9bdc29c55fe5d1e7d23b07e
9726,6,7,3,3,18,grayscale_salt_pepper,3,18:6,2,1,09f227c6b4d716f7928b593f00fd32e9f7fdd5cdf27e3f7edb132aead517e2bf
9716,6,7,3,2,18,grayscale_salt_pepper,3,18:6,3,1,1e54c6fa1ef0eb6d4e6697b992690ed3663453b9d860215c6e2a8eb20600d88a
9626,6,7,1,3,18,grayscale_salt_pepper,3,18:6,4,0,2b6dd8b24c8eccba9d93f66148814155ed9cc342c9ce1791be719b474c2006e6
9666,6,7,2,2,18,grayscale_salt_pepper,3,18:6,5,0,2d034469e82df8877429f322825eeba29dac492e94e3c28894b16f86170d2f86
9606,6,7,1,1,18,grayscale_salt_pepper,3,18:6,6,0,413c714d97317c711f719937ec8ab693b9ac8381cec71989b6f42e4fab185ed3
9706,6,7,3,1,18,grayscale_salt_pepper,3,18:6,7,0,5a9efd42e730139f6f83ae304fb65d0dc64f83be900ca9ce8429e8beeeb8bba4
9646,6,7,1,5,18,grayscale_salt_pepper,3,18:6,8,0,67746aeda96bb06e46311e4defc354ec5a4ae5ae6911dbe88f3311665e0352c5
9616,6,7,1,2,18,grayscale_salt_pepper,3,18:6,9,0,788b8101c569ed73ed0a853fdc7d306a1c95403b623efa3a2039d71515dc70a1
9736,6,7,3,4,18,grayscale_salt_pepper,3,18:6,10,0,815586d64af5c14d53d5c1cdd75eec89d0e726eae0c6c0436ab5e849c25b2ee2
9746,6,7,3,5,18,grayscale_salt_pepper,3,18:6,11,0,8fe453495c277171cf8c4e59482cb0ddbd07d8028796b95984d5587eb0dd30ea
9656,6,7,2,1,18,grayscale_salt_pepper,3,18:6,12,0,92c30faae598b4818e64a4974ec267482a4b62fec001cd11c065a39bbae550e8
9686,6,7,2,4,18,grayscale_salt_pepper,3,18:6,13,0,b14abf88db816fa8769407028252d8b18dfdf82f5e5e21c1375da3141496e8ed
9696,6,7,2,5,18,grayscale_salt_pepper,3,18:6,14,0,c13cfa783c96c2b757fefc333fefa0d975483eeec09d0bb995073ae0001a825c
9676,6,7,2,3,18,grayscale_salt_pepper,3,18:6,15,0,d892fd749c481b752c6a977feeba6a1591850c2ef22b2a024cadb00fe1b55d02
9727,7,8,3,3,18,grayscale_salt_pepper,3,18:7,1,1,0c2fff5b9d2a5ed3a4669a5a105529d9d1b06b28345bb56be505953a31668785
9657,7,8,2,1,18,grayscale_salt_pepper,3,18:7,2,1,173009831c836b8d1d874014cc49ba111028d52cc9eb7ebede45a61b7f527e7f
9677,7,8,2,3,18,grayscale_salt_pepper,3,18:7,3,1,180859650305d8072c53439cd2d63acc5fc93a42f093445d6a2782571d779368
9717,7,8,3,2,18,grayscale_salt_pepper,3,18:7,4,0,3e3ff9c6c3bbd232defcb82d6b44ba702ad68c03452fabe0ad2a5db7d6900006
9697,7,8,2,5,18,grayscale_salt_pepper,3,18:7,5,0,40da7e0d3d5f0f277300c67d983c98970968721e562f6dc335c4dc40428e20b9
9707,7,8,3,1,18,grayscale_salt_pepper,3,18:7,6,0,458a86a300862bfe23dbc72170ce46c1527bcb3214365b46f6d06a8a2c465c1f
9607,7,8,1,1,18,grayscale_salt_pepper,3,18:7,7,0,4e386d5d3791db6e745b12ebf3eff1afbb674628d02faae50253f278a103cd83
9627,7,8,1,3,18,grayscale_salt_pepper,3,18:7,8,0,5709fb68c4a57f4cc4181d9fb449c4ba737a3802f5a33cc272cb6315a914dc3a
9687,7,8,2,4,18,grayscale_salt_pepper,3,18:7,9,0,5bda8dd528448eb4fd493fa609a5ad2bef6452c7620a3129417afe11c01f01c7
9617,7,8,1,2,18,grayscale_salt_pepper,3,18:7,10,0,60c6a01727a9e274e9eaf6a04a34c2a65aaf9547f85e430407c959cbf6571390
9667,7,8,2,2,18,grayscale_salt_pepper,3,18:7,11,0,96893ca49a415b31c8bebf955d2981a40a06f733dc548d76c68010e1381a15c5
9647,7,8,1,5,18,grayscale_salt_pepper,3,18:7,12,0,9b329db40dc6774834eaa0e9b160b3cd949f0c98434b4e41745f89aa99268878
9747,7,8,3,5,18,grayscale_salt_pepper,3,18:7,13,0,ebfc4617f0b02b559c7472a73326f4a2f3d1525eeb270b465e76b137067dfe20
9637,7,8,1,4,18,grayscale_salt_pepper,3,18:7,14,0,ecb9c63b84a9ca2841cb1162469f8117c844dbe742df5ab0d7405c776a699549
9737,7,8,3,4,18,grayscale_salt_pepper,3,18:7,15,0,f01df794fef571d6e87d6e15ca8f85dbf4384c5a0d5c0cc82aad3e0ac99103e2
9698,8,9,2,5,18,grayscale_salt_pepper,3,18:8,1,1,24ba9ac88fe17cc5ea4efac3947043a3e643399983dfc1a9dd60d7de5a038e07
9618,8,9,1,2,18,grayscale_salt_pepper,3,18:8,2,1,2da8d8c8e923d99760206915ecd743f36e291387b68d056405b0ce719e17f6a4
9638,8,9,1,4,18,grayscale_salt_pepper,3,18:8,3,1,531c1ecc12a337ce055f2bdcc762b6aca2edcce59bdc34bd1872fb337b93ec78
9718,8,9,3,2,18,grayscale_salt_pepper,3,18:8,4,0,58f0233a670dfdc5e9c2e5eb1e44d48f3acad49be1d7e260964abdb239cf4c07
9708,8,9,3,1,18,grayscale_salt_pepper,3,18:8,5,0,6f64477dfc9862f9c30db1a81705727705f03012e3a606d2739d09a0b6387925
9648,8,9,1,5,18,grayscale_salt_pepper,3,18:8,6,0,743be5d7401c7c12152ffd9edfb06fc78df566b2cf4df53efa77029f4163ad18
9728,8,9,3,3,18,grayscale_salt_pepper,3,18:8,7,0,88d4bccf723410eafd0441c80a2600ef3625dfb70c6a692986bf6c31242d73d1
9608,8,9,1,1,18,grayscale_salt_pepper,3,18:8,8,0,959ab9ed718e68c72df583b67abc3b910962e794ed988673a8dfa5da57f7ca71
9688,8,9,2,4,18,grayscale_salt_pepper,3,18:8,9,0,a474131ff508d2a5a7cd373beb54f6722e855e5c4ffd01603a8f2181563ea7ee
9668,8,9,2,2,18,grayscale_salt_pepper,3,18:8,10,0,b4e80e2e76eb85317f41f15cde78790cdde1a4ec31f3a3a8c3f56e6a6d781e55
9628,8,9,1,3,18,grayscale_salt_pepper,3,18:8,11,0,d2349d2f47c5e6c697a4ccaf8e6bca9422fa39b983030c31611cbdafae535ccb
9748,8,9,3,5,18,grayscale_salt_pepper,3,18:8,12,0,da875e7ece6529f983cec366a2ddadd32d26f8197bd045ab9d1c731d79328310
9738,8,9,3,4,18,grayscale_salt_pepper,3,18:8,13,0,e0ec25d0d6b977b7476297e25a18171485fa6f84e2f4371bd8e8bd561e5b7e5e
9678,8,9,2,3,18,grayscale_salt_pepper,3,18:8,14,0,ea818fbfe8493ba318f35c4b1458d260ead71ae13f7836563b4bd49fda489945
9658,8,9,2,1,18,grayscale_salt_pepper,3,18:8,15,0,ff7491400673f00a5d190a16d773b0488faa8e369fe2030df006ad03c6726020
9689,9,10,2,4,18,grayscale_salt_pepper,3,18:9,1,1,02f0f1ed4bc8318cca70b9c94c643be0fcc71ab77cbbe233e06e9117f534d0bf
9709,9,10,3,1,18,grayscale_salt_pepper,3,18:9,2,1,0935b4bfdebe72c4a1b8a0b976a227a3708a9d7b720bd4dd826f8fb396d5c961
9679,9,10,2,3,18,grayscale_salt_pepper,3,18:9,3,1,11f43dc004afe63cbe23f047fb1594a1b9a1dc97085569809312df1aa9e26a38
9719,9,10,3,2,18,grayscale_salt_pepper,3,18:9,4,0,69d45e0924d0ad878ce9af5e15f040b78501b6a277f25ab068c083f566305b23
9669,9,10,2,2,18,grayscale_salt_pepper,3,18:9,5,0,6b82d69c8971089b71378fac47f8b15b72651d41396db0e99eda03dba9dd6bc1
9699,9,10,2,5,18,grayscale_salt_pepper,3,18:9,6,0,6d223a145a715f3f86d78ab54efaeab8c4cb060284d6c2253b5262512b8d6c96
9619,9,10,1,2,18,grayscale_salt_pepper,3,18:9,7,0,74f6afaff906cf817560e9b121d2b1fcbdc74e5496b2c9e001ab3fd68d17cdc1
9729,9,10,3,3,18,grayscale_salt_pepper,3,18:9,8,0,7c21f0f97038f2b127f03e3c936827c1485650aa41c986b59ff9615f3c5424da
9649,9,10,1,5,18,grayscale_salt_pepper,3,18:9,9,0,941ebf9ef1c66d7dc6d2504d93860b0afcc7b29d1617fef367fe01a5746c6938
9739,9,10,3,4,18,grayscale_salt_pepper,3,18:9,10,0,9884c71083009d4dc2bece973e636fa58cb4053cd069f5a662f3486b64b7796d
9659,9,10,2,1,18,grayscale_salt_pepper,3,18:9,11,0,c66a8624ba93f8fbf1ce0f5e4370f1e15a774cbe246fe160926f9caae8c44ff0
9609,9,10,1,1,18,grayscale_salt_pepper,3,18:9,12,0,d18f5309936c0ffa5430ddb36e6a1ed52d547cab60d34179336e111ef4597a4d
9639,9,10,1,4,18,grayscale_salt_pepper,3,18:9,13,0,d7890be4df6dbd9c2fb7ad64ae64aa4975461eb378dd85d733cf27e7241dde48
9749,9,10,3,5,18,grayscale_salt_pepper,3,18:9,14,0,e88a9993408e142df433d1c141e3fd73f63b70c565c6bdb607dc3110c873043e
9629,9,10,1,3,18,grayscale_salt_pepper,3,18:9,15,0,ea55bcc8077ae901aee76c1a432aa35c71f6e352c90e4d9feed36522715077d6
